<step title="BackgroundTrace" date="2025-11-23T14:26:42.571" instance="32a06b" url="/api/zipdeploy" method="POST" >
  <step title="Updating shutdown sentinel last write time" date="2025-11-23T14:26:42.602" SemaphoreCount="7" /><!-- duration: 31ms -->
  <step title="LockFile &apos;C:\home\site\locks\deployments.lock&apos; acquired" date="2025-11-23T14:26:42.649" /><!-- duration: 31ms -->
  <step title="Creating temporary deployment" date="2025-11-23T14:26:42.696" /><!-- duration: 156ms -->
  <step title="Performing fetch based deployment" date="2025-11-23T14:26:42.868" >
    <step title="Fetching changes." date="2025-11-23T14:26:43.071" /><!-- duration: 16ms -->
    <step title="Starting LocalZipHandler" date="2025-11-23T14:26:43.102" /><!-- duration: 31ms -->
    <step title="Starting ExtractTriggers" date="2025-11-23T14:26:43.149" /><!-- duration: 16ms -->
    <step title="Before sending BuildRequestReceived status to /api/updatedeploystatus" date="2025-11-23T14:26:43.244" /><!-- duration: 32ms -->
    <step title="DeploymentManager.Deploy(id:a2ced16ee91148a8b80212b7b255d42a)" date="2025-11-23T14:26:43.291" >
      <step title="Collecting changeset information" date="2025-11-23T14:26:43.338" /><!-- duration: 126ms -->
      <step title="Updating submodules" date="2025-11-23T14:26:43.479" >
        <step title="Updating submodules." date="2025-11-23T14:26:43.640" /><!-- duration: 16ms -->
      </step><!-- duration: 192ms -->
      <step title="Preparing deployment for commit id &apos;a2ced16ee9&apos;." date="2025-11-23T14:26:43.827" /><!-- duration: 16ms -->
      <step title="Determining deployment builder" date="2025-11-23T14:26:43.984" >
        <step title="Builder is RunFromZipSiteBuilder" date="2025-11-23T14:26:44.015" /><!-- duration: 16ms -->
      </step><!-- duration: 62ms -->
      <step title="Copying SSH keys" date="2025-11-23T14:26:44.109" /><!-- duration: 31ms -->
      <step title="Building" date="2025-11-23T14:26:44.155" >
        <step title="Skipping build. Project type: Run-From-Zip" date="2025-11-23T14:26:44.327" /><!-- duration: 16ms -->
        <step title="Skipping post build. Project type: Run-From-Zip" date="2025-11-23T14:26:44.484" /><!-- duration: 16ms -->
        <step title="Triggering recycle (preview mode disabled)." date="2025-11-23T14:26:44.671" /><!-- duration: 16ms -->
        <step title="Ignoring FS watcher based recycle request as this is a classic Windows app." date="2025-11-23T14:26:44.702" /><!-- duration: 16ms -->
        <step title="Deployment successful. DEPLOYMENTINFO: deploymentPath = Functions App ZipDeploy. Run from package., deployer = GITHUB_ZIP_DEPLOY_FUNCTIONS_V1, os = windows, sku = Dynamic, language = dotnet-isolated, siteName = Quizz-Backend, slotName = Production, siteHostName = quizz-backend-gwaabvhae4fpbfck.westus3-01.azurewebsites.net, deploymentStatus = Success" date="2025-11-23T14:26:44.875" /><!-- duration: 15ms -->
      </step><!-- duration: 1078ms -->
    </step><!-- duration: 1958ms -->
    <step title="Cleaning up temp files" date="2025-11-23T14:26:45.281" /><!-- duration: 16ms -->
    <step title="Updating C:\home\data\SitePackages\packagename.txt with deployment 20251123142641.zip" date="2025-11-23T14:26:45.312" /><!-- duration: 63ms -->
    <step title="Begin HttpPost https://quizz-backend-gwaabvhae4fpbfck.scm.westus3-01.azurewebsites.net/operations/settriggers, x-ms-request-id: 4054aad9-16d1-447d-941e-dffe882a4c98" date="2025-11-23T14:26:45.437" /><!-- duration: 16ms -->
    <step title="End HttpPost, status: OK" date="2025-11-23T14:26:45.843" /><!-- duration: 16ms -->
    <step title="Scheduling background sync triggers after delay" date="2025-11-23T14:26:45.874" /><!-- duration: 16ms -->
  </step><!-- duration: 3210ms -->
  <step title="LockFile &apos;C:\home\site\locks\deployments.lock&apos; released" date="2025-11-23T14:26:46.093" /><!-- duration: 31ms -->
</step><!-- duration: 3585ms -->
