<step title="Incoming Request" date="2025-11-23T15:22:29.305" instance="96b6d0" url="/api/deployments/latest" method="GET" type="request" pid="5540,2,15" Accept="*/*" Accept-Encoding="gzip, deflate" Authorization="Bea..." Host="quizz-backend-gwaabvhae4fpbfck.scm.westus3-01.azurewebsites.net" User-Agent="AZURECLI/2.78.0 (MSI)" x-ms-client-request-id="087af07b-c880-11f0-8a39-7c1e52c24321" X-ARR-LOG-ID="087af07b-c880-11f0-8a39-7c1e52c24321" CLIENT-IP="145.132.102.49:6154" X-SITE-DEPLOYMENT-ID="Quizz-Backend" WAS-DEFAULT-HOSTNAME="quizz-backend-gwaabvhae4fpbfck.scm.westus3-01.azurewebsites.net" X-Forwarded-Proto="https" X-AppService-Proto="https" X-Forwarded-TlsVersion="1.3" X-WAWS-Unencoded-URL="/api/deployments/latest" >
  <step title="Cleanup Xml Logs" date="2025-11-23T15:22:29.321" /><!-- duration: 31ms -->
  <step title="DeploymentService.GetResult" date="2025-11-23T15:22:29.383" >
    <step title="DeploymentService.GetLatestDeployment" date="2025-11-23T15:22:29.430" >
      <step title="DeploymentManager.GetResults" date="2025-11-23T15:22:29.461" /><!-- duration: 94ms -->
      <step title="Deployment 8e452961cae84214927ccdc6e1097430 is Building" date="2025-11-23T15:22:29.586" /><!-- duration: 16ms -->
    </step><!-- duration: 203ms -->
  </step><!-- duration: 281ms -->
  <step title="Outgoing response" date="2025-11-23T15:22:29.711" type="response" statusCode="202" statusText="Accepted" Server="Microsoft-IIS/10.0" x-ms-request-id="087af07b-c880-11f0-8a39-7c1e52c24321" Retry-After="30" Cache-Control="private" X-AspNet-Version="4.0.30319" Location="https://quizz-backend-gwaabvhae4fpbfck.scm.westus3-01.azurewebsites.net/api/deployments/latest" Content-Type="application/json; charset=utf-8" /><!-- duration: 16ms -->
</step><!-- duration: 453ms -->
