<step title="BackgroundTrace" date="2025-11-23T14:13:17.769" instance="8e5e2f" url="synctriggers-operation" method="POST" >
  <step title="Updating shutdown sentinel last write time" date="2025-11-23T14:13:17.785" SemaphoreCount="6" /><!-- duration: 16ms -->
  <step title="Delaying &apos;00:01:00&apos; for Functions site to restart." date="2025-11-23T14:13:17.816" /><!-- duration: 16ms -->
  <step title="Begin HttpPost https://quizz-backend-gwaabvhae4fpbfck.westus3-01.azurewebsites.net/admin/host/synctriggers, x-ms-request-id: 438f72d4-295a-44c3-8923-68bcfdd41885" date="2025-11-23T14:14:17.864" /><!-- duration: 31ms -->
  <step title="End HttpPost, status: ServiceUnavailable" date="2025-11-23T14:14:21.256" /><!-- duration: 16ms -->
  <step title="Begin HttpPost https://quizz-backend-gwaabvhae4fpbfck.westus3-01.azurewebsites.net/admin/host/synctriggers, x-ms-request-id: 438f72d4-295a-44c3-8923-68bcfdd41885" date="2025-11-23T14:14:22.295" /><!-- duration: 16ms -->
  <step title="End HttpPost, status: ServiceUnavailable" date="2025-11-23T14:14:27.133" /><!-- duration: 16ms -->
  <step title="Begin HttpPost https://quizz-backend-gwaabvhae4fpbfck.westus3-01.azurewebsites.net/admin/host/synctriggers, x-ms-request-id: 438f72d4-295a-44c3-8923-68bcfdd41885" date="2025-11-23T14:14:28.196" /><!-- duration: 16ms -->
  <step title="End HttpPost, status: ServiceUnavailable" date="2025-11-23T14:14:37.820" /><!-- duration: 16ms -->
  <step title="Syncing function triggers by calling the functions runtime site failed. System.Net.Http.HttpRequestException: Response status code does not indicate success: 503 (Service Unavailable).
   at System.Net.Http.HttpResponseMessage.EnsureSuccessStatusCode()
   at Kudu.Core.Helpers.PostDeploymentHelper.&lt;PostAsync&gt;d__49.MoveNext()
--- End of stack trace from previous location where exception was thrown ---
   at System.Runtime.ExceptionServices.ExceptionDispatchInfo.Throw()
   at System.Runtime.CompilerServices.TaskAwaiter.HandleNonSuccessAndDebuggerNotification(Task task)
   at Kudu.Core.Helpers.PostDeploymentHelper.&lt;&gt;c__DisplayClass38_0.&lt;&lt;TryFunctionsRuntimeSyncTriggers&gt;b__1&gt;d.MoveNext()
--- End of stack trace from previous location where exception was thrown ---
   at System.Runtime.ExceptionServices.ExceptionDispatchInfo.Throw()
   at System.Runtime.CompilerServices.TaskAwaiter.HandleNonSuccessAndDebuggerNotification(Task task)
   at Kudu.Core.Infrastructure.OperationManager.&lt;&gt;c__DisplayClass4_0.&lt;&lt;AttemptAsync&gt;b__0&gt;d.MoveNext()
--- End of stack trace from previous location where exception was thrown ---
   at System.Runtime.ExceptionServices.ExceptionDispatchInfo.Throw()
   at Kudu.Core.Infrastructure.OperationManager.&lt;AttemptAsync&gt;d__5`1.MoveNext()
--- End of stack trace from previous location where exception was thrown ---
   at System.Runtime.ExceptionServices.ExceptionDispatchInfo.Throw()
   at System.Runtime.CompilerServices.TaskAwaiter.HandleNonSuccessAndDebuggerNotification(Task task)
   at Kudu.Core.Helpers.PostDeploymentHelper.&lt;TryFunctionsRuntimeSyncTriggers&gt;d__38.MoveNext()" date="2025-11-23T14:14:37.867" /><!-- duration: 16ms -->
  <step title="Attempting to perform settriggers call directly." date="2025-11-23T14:14:37.930" /><!-- duration: 16ms -->
  <step title="Begin HttpPost https://quizz-backend-gwaabvhae4fpbfck.scm.westus3-01.azurewebsites.net/operations/settriggers, x-ms-request-id: 438f72d4-295a-44c3-8923-68bcfdd41885" date="2025-11-23T14:14:38.039" /><!-- duration: 20ms -->
  <step title="End HttpPost, status: OK" date="2025-11-23T14:14:38.164" /><!-- duration: 31ms -->
  <step title="Syncing 0 function triggers with payload size 15 bytes successful." date="2025-11-23T14:14:38.211" /><!-- duration: 47ms -->
  <step title="Deleting shutdown sentinel file" date="2025-11-23T14:14:38.274" SemaphoreCount="8" /><!-- duration: 31ms -->
</step><!-- duration: 80551ms -->
