<step title="BackgroundTrace" date="2025-11-23T15:16:54.071" instance="96b6d0" url="/api/zipdeploy" method="POST" >
  <step title="Updating shutdown sentinel last write time" date="2025-11-23T15:16:54.118" SemaphoreCount="7" /><!-- duration: 16ms -->
  <step title="LockFile &apos;C:\home\site\locks\deployments.lock&apos; acquired" date="2025-11-23T15:16:54.165" /><!-- duration: 16ms -->
  <step title="Creating temporary deployment" date="2025-11-23T15:16:54.196" /><!-- duration: 203ms -->
  <step title="Performing fetch based deployment" date="2025-11-23T15:16:54.415" >
    <step title="Fetching changes." date="2025-11-23T15:16:54.618" /><!-- duration: 16ms -->
    <step title="Starting LocalZipHandler" date="2025-11-23T15:16:54.649" /><!-- duration: 31ms -->
    <step title="Starting ExtractTriggers" date="2025-11-23T15:16:54.711" /><!-- duration: 16ms -->
    <step title="Before sending BuildRequestReceived status to /api/updatedeploystatus" date="2025-11-23T15:16:54.805" /><!-- duration: 16ms -->
    <step title="DeploymentManager.Deploy(id:8795fb2a8e57497fa1466da2cb6aac00)" date="2025-11-23T15:16:54.852" >
      <step title="Collecting changeset information" date="2025-11-23T15:16:54.883" /><!-- duration: 141ms -->
      <step title="Updating submodules" date="2025-11-23T15:16:55.056" >
        <step title="Updating submodules." date="2025-11-23T15:16:55.228" /><!-- duration: 16ms -->
      </step><!-- duration: 203ms -->
      <step title="Preparing deployment for commit id &apos;8795fb2a8e&apos;." date="2025-11-23T15:16:55.462" /><!-- duration: 31ms -->
      <step title="Determining deployment builder" date="2025-11-23T15:16:55.650" >
        <step title="Builder is RunFromZipSiteBuilder" date="2025-11-23T15:16:55.665" /><!-- duration: 16ms -->
      </step><!-- duration: 47ms -->
      <step title="Copying SSH keys" date="2025-11-23T15:16:55.759" /><!-- duration: 16ms -->
      <step title="Building" date="2025-11-23T15:16:55.806" >
        <step title="Skipping build. Project type: Run-From-Zip" date="2025-11-23T15:16:56.228" /><!-- duration: 16ms -->
        <step title="Skipping post build. Project type: Run-From-Zip" date="2025-11-23T15:16:56.431" /><!-- duration: 16ms -->
        <step title="Triggering recycle (preview mode disabled)." date="2025-11-23T15:16:56.650" /><!-- duration: 31ms -->
        <step title="Ignoring FS watcher based recycle request as this is a classic Windows app." date="2025-11-23T15:16:56.697" /><!-- duration: 31ms -->
        <step title="Deployment successful. DEPLOYMENTINFO: deploymentPath = Functions App ZipDeploy. Run from package. Ignore remote build., deployer = GITHUB_ZIP_DEPLOY_FUNCTIONS_V1, os = windows, sku = Dynamic, language = dotnet-isolated, siteName = Quizz-Backend, slotName = Production, siteHostName = quizz-backend-gwaabvhae4fpbfck.westus3-01.azurewebsites.net, deploymentStatus = Success" date="2025-11-23T15:16:56.915" /><!-- duration: 16ms -->
      </step><!-- duration: 1469ms -->
    </step><!-- duration: 2438ms -->
    <step title="Cleaning up temp files" date="2025-11-23T15:16:57.306" /><!-- duration: 31ms -->
    <step title="Updating C:\home\data\SitePackages\packagename.txt with deployment 20251123151652.zip" date="2025-11-23T15:16:57.353" /><!-- duration: 78ms -->
    <step title="Begin HttpPost https://quizz-backend-gwaabvhae4fpbfck.scm.westus3-01.azurewebsites.net/operations/settriggers, x-ms-request-id: 3bf4971f-ee38-4768-82d4-3d23b7a2ad2e" date="2025-11-23T15:16:57.619" /><!-- duration: 16ms -->
    <step title="End HttpPost, status: OK" date="2025-11-23T15:16:58.259" /><!-- duration: 16ms -->
    <step title="Scheduling background sync triggers after delay" date="2025-11-23T15:16:58.290" /><!-- duration: 16ms -->
  </step><!-- duration: 4079ms -->
  <step title="LockFile &apos;C:\home\site\locks\deployments.lock&apos; released" date="2025-11-23T15:16:58.525" /><!-- duration: 16ms -->
</step><!-- duration: 4501ms -->
