<step title="BackgroundTrace" date="2025-11-23T14:56:09.542" instance="acf442" url="/api/zipdeploy" method="POST" >
  <step title="Updating shutdown sentinel last write time" date="2025-11-23T14:56:09.589" SemaphoreCount="7" /><!-- duration: 16ms -->
  <step title="LockFile &apos;C:\home\site\locks\deployments.lock&apos; acquired" date="2025-11-23T14:56:09.636" /><!-- duration: 16ms -->
  <step title="Creating temporary deployment" date="2025-11-23T14:56:09.683" /><!-- duration: 187ms -->
  <step title="Performing fetch based deployment" date="2025-11-23T14:56:09.902" >
    <step title="Fetching changes." date="2025-11-23T14:56:10.136" /><!-- duration: 16ms -->
    <step title="Starting LocalZipHandler" date="2025-11-23T14:56:10.183" /><!-- duration: 16ms -->
    <step title="Starting ExtractTriggers" date="2025-11-23T14:56:10.230" /><!-- duration: 31ms -->
    <step title="Before sending BuildRequestReceived status to /api/updatedeploystatus" date="2025-11-23T14:56:10.339" /><!-- duration: 31ms -->
    <step title="DeploymentManager.Deploy(id:e3f1a396c4fa4859a545d9874b380aa3)" date="2025-11-23T14:56:10.386" >
      <step title="Collecting changeset information" date="2025-11-23T14:56:10.433" /><!-- duration: 141ms -->
      <step title="Updating submodules" date="2025-11-23T14:56:10.589" >
        <step title="Updating submodules." date="2025-11-23T14:56:10.777" /><!-- duration: 16ms -->
      </step><!-- duration: 234ms -->
      <step title="Preparing deployment for commit id &apos;e3f1a396c4&apos;." date="2025-11-23T14:56:11.011" /><!-- duration: 31ms -->
      <step title="Determining deployment builder" date="2025-11-23T14:56:11.214" >
        <step title="Builder is RunFromZipSiteBuilder" date="2025-11-23T14:56:11.230" /><!-- duration: 31ms -->
      </step><!-- duration: 62ms -->
      <step title="Copying SSH keys" date="2025-11-23T14:56:11.339" /><!-- duration: 47ms -->
      <step title="Building" date="2025-11-23T14:56:11.417" >
        <step title="Skipping build. Project type: Run-From-Zip" date="2025-11-23T14:56:11.608" /><!-- duration: 31ms -->
        <step title="Skipping post build. Project type: Run-From-Zip" date="2025-11-23T14:56:12.530" /><!-- duration: 31ms -->
        <step title="Triggering recycle (preview mode disabled)." date="2025-11-23T14:56:12.749" /><!-- duration: 31ms -->
        <step title="Ignoring FS watcher based recycle request as this is a classic Windows app." date="2025-11-23T14:56:12.795" /><!-- duration: 31ms -->
        <step title="Deployment successful. DEPLOYMENTINFO: deploymentPath = Functions App ZipDeploy. Run from package., deployer = GITHUB_ZIP_DEPLOY_FUNCTIONS_V1, os = windows, sku = Dynamic, language = dotnet-isolated, siteName = Quizz-Backend, slotName = Production, siteHostName = quizz-backend-gwaabvhae4fpbfck.westus3-01.azurewebsites.net, deploymentStatus = Success" date="2025-11-23T14:56:13.014" /><!-- duration: 16ms -->
      </step><!-- duration: 1988ms -->
    </step><!-- duration: 3035ms -->
    <step title="Cleaning up temp files" date="2025-11-23T14:56:13.452" /><!-- duration: 16ms -->
    <step title="Updating C:\home\data\SitePackages\packagename.txt with deployment 20251123145608.zip" date="2025-11-23T14:56:13.499" /><!-- duration: 63ms -->
    <step title="Begin HttpPost https://quizz-backend-gwaabvhae4fpbfck.scm.westus3-01.azurewebsites.net/operations/settriggers, x-ms-request-id: f51cb5e5-5066-43d1-9eeb-7470da1be443" date="2025-11-23T14:56:13.655" /><!-- duration: 16ms -->
    <step title="End HttpPost, status: OK" date="2025-11-23T14:56:14.124" /><!-- duration: 31ms -->
    <step title="Scheduling background sync triggers after delay" date="2025-11-23T14:56:14.170" /><!-- duration: 16ms -->
  </step><!-- duration: 4378ms -->
  <step title="LockFile &apos;C:\home\site\locks\deployments.lock&apos; released" date="2025-11-23T14:56:14.311" /><!-- duration: 16ms -->
</step><!-- duration: 4832ms -->
