<step title="BackgroundTrace" date="2025-11-23T14:13:14.174" instance="8e5e2f" url="/api/zipdeploy" method="POST" >
  <step title="Updating shutdown sentinel last write time" date="2025-11-23T14:13:14.205" SemaphoreCount="7" /><!-- duration: 16ms -->
  <step title="LockFile &apos;C:\home\site\locks\deployments.lock&apos; acquired" date="2025-11-23T14:13:14.237" /><!-- duration: 16ms -->
  <step title="Creating temporary deployment" date="2025-11-23T14:13:14.284" /><!-- duration: 142ms -->
  <step title="Performing fetch based deployment" date="2025-11-23T14:13:14.441" >
    <step title="Fetching changes." date="2025-11-23T14:13:14.644" /><!-- duration: 16ms -->
    <step title="Starting LocalZipHandler" date="2025-11-23T14:13:14.676" /><!-- duration: 31ms -->
    <step title="Starting ExtractTriggers" date="2025-11-23T14:13:14.722" /><!-- duration: 31ms -->
    <step title="Before sending BuildRequestReceived status to /api/updatedeploystatus" date="2025-11-23T14:13:14.832" /><!-- duration: 16ms -->
    <step title="DeploymentManager.Deploy(id:d9ae7f07e43a40058ff3c21a216e791b)" date="2025-11-23T14:13:14.863" >
      <step title="Collecting changeset information" date="2025-11-23T14:13:14.910" /><!-- duration: 109ms -->
      <step title="Updating submodules" date="2025-11-23T14:13:15.068" >
        <step title="Updating submodules." date="2025-11-23T14:13:15.426" /><!-- duration: 16ms -->
      </step><!-- duration: 388ms -->
      <step title="Preparing deployment for commit id &apos;d9ae7f07e4&apos;." date="2025-11-23T14:13:15.629" /><!-- duration: 16ms -->
      <step title="Determining deployment builder" date="2025-11-23T14:13:15.785" >
        <step title="Builder is RunFromZipSiteBuilder" date="2025-11-23T14:13:15.801" /><!-- duration: 16ms -->
      </step><!-- duration: 62ms -->
      <step title="Copying SSH keys" date="2025-11-23T14:13:15.894" /><!-- duration: 31ms -->
      <step title="Building" date="2025-11-23T14:13:15.941" >
        <step title="Skipping build. Project type: Run-From-Zip" date="2025-11-23T14:13:16.113" /><!-- duration: 16ms -->
        <step title="Skipping post build. Project type: Run-From-Zip" date="2025-11-23T14:13:16.285" /><!-- duration: 31ms -->
        <step title="Triggering recycle (preview mode disabled)." date="2025-11-23T14:13:16.472" /><!-- duration: 16ms -->
        <step title="Ignoring FS watcher based recycle request as this is a classic Windows app." date="2025-11-23T14:13:16.504" /><!-- duration: 16ms -->
        <step title="Deployment successful. DEPLOYMENTINFO: deploymentPath = Functions App ZipDeploy. Run from package., deployer = GITHUB_ZIP_DEPLOY_FUNCTIONS_V1, os = windows, sku = Dynamic, language = dotnet-isolated, siteName = Quizz-Backend, slotName = Production, siteHostName = quizz-backend-gwaabvhae4fpbfck.westus3-01.azurewebsites.net, deploymentStatus = Success" date="2025-11-23T14:13:16.676" /><!-- duration: 31ms -->
      </step><!-- duration: 1078ms -->
    </step><!-- duration: 2172ms -->
    <step title="Cleaning up temp files" date="2025-11-23T14:13:17.066" /><!-- duration: 16ms -->
    <step title="Updating C:\home\data\SitePackages\packagename.txt with deployment 20251123141313.zip" date="2025-11-23T14:13:17.113" /><!-- duration: 31ms -->
    <step title="Begin HttpPost https://quizz-backend-gwaabvhae4fpbfck.scm.westus3-01.azurewebsites.net/operations/settriggers, x-ms-request-id: 438f72d4-295a-44c3-8923-68bcfdd41885" date="2025-11-23T14:13:17.238" /><!-- duration: 16ms -->
    <step title="End HttpPost, status: OK" date="2025-11-23T14:13:17.691" /><!-- duration: 16ms -->
    <step title="Scheduling background sync triggers after delay" date="2025-11-23T14:13:17.723" /><!-- duration: 31ms -->
  </step><!-- duration: 3375ms -->
  <step title="LockFile &apos;C:\home\site\locks\deployments.lock&apos; released" date="2025-11-23T14:13:17.848" /><!-- duration: 16ms -->
</step><!-- duration: 3720ms -->
