<step title="BackgroundTrace" date="2025-11-23T14:42:32.772" instance="90e9ca" url="/api/zipdeploy" method="POST" >
  <step title="Updating shutdown sentinel last write time" date="2025-11-23T14:42:32.819" SemaphoreCount="7" /><!-- duration: 16ms -->
  <step title="LockFile &apos;C:\home\site\locks\deployments.lock&apos; acquired" date="2025-11-23T14:42:32.850" /><!-- duration: 31ms -->
  <step title="Creating temporary deployment" date="2025-11-23T14:42:32.897" /><!-- duration: 188ms -->
  <step title="Performing fetch based deployment" date="2025-11-23T14:42:33.100" >
    <step title="Fetching changes." date="2025-11-23T14:42:33.304" /><!-- duration: 16ms -->
    <step title="Starting LocalZipHandler" date="2025-11-23T14:42:33.350" /><!-- duration: 16ms -->
    <step title="Starting ExtractTriggers" date="2025-11-23T14:42:33.397" /><!-- duration: 31ms -->
    <step title="Before sending BuildRequestReceived status to /api/updatedeploystatus" date="2025-11-23T14:42:33.507" /><!-- duration: 16ms -->
    <step title="DeploymentManager.Deploy(id:6c72de83bbef4c61ba6699298cc9a799)" date="2025-11-23T14:42:33.554" >
      <step title="Collecting changeset information" date="2025-11-23T14:42:33.585" /><!-- duration: 141ms -->
      <step title="Updating submodules" date="2025-11-23T14:42:33.741" >
        <step title="Updating submodules." date="2025-11-23T14:42:33.944" /><!-- duration: 16ms -->
      </step><!-- duration: 250ms -->
      <step title="Preparing deployment for commit id &apos;6c72de83bb&apos;." date="2025-11-23T14:42:34.179" /><!-- duration: 16ms -->
      <step title="Determining deployment builder" date="2025-11-23T14:42:34.382" >
        <step title="Builder is RunFromZipSiteBuilder" date="2025-11-23T14:42:34.413" /><!-- duration: 16ms -->
      </step><!-- duration: 63ms -->
      <step title="Copying SSH keys" date="2025-11-23T14:42:34.522" /><!-- duration: 31ms -->
      <step title="Building" date="2025-11-23T14:42:34.569" >
        <step title="Skipping build. Project type: Run-From-Zip" date="2025-11-23T14:42:34.741" /><!-- duration: 31ms -->
        <step title="Skipping post build. Project type: Run-From-Zip" date="2025-11-23T14:42:34.960" /><!-- duration: 16ms -->
        <step title="Triggering recycle (preview mode disabled)." date="2025-11-23T14:42:35.194" /><!-- duration: 16ms -->
        <step title="Ignoring FS watcher based recycle request as this is a classic Windows app." date="2025-11-23T14:42:35.257" /><!-- duration: 47ms -->
        <step title="Deployment successful. DEPLOYMENTINFO: deploymentPath = Functions App ZipDeploy. Run from package., deployer = GITHUB_ZIP_DEPLOY_FUNCTIONS_V1, os = windows, sku = Dynamic, language = dotnet-isolated, siteName = Quizz-Backend, slotName = Production, siteHostName = quizz-backend-gwaabvhae4fpbfck.westus3-01.azurewebsites.net, deploymentStatus = Success" date="2025-11-23T14:42:35.475" /><!-- duration: 31ms -->
      </step><!-- duration: 1359ms -->
    </step><!-- duration: 2406ms -->
    <step title="Cleaning up temp files" date="2025-11-23T14:42:35.991" /><!-- duration: 47ms -->
    <step title="Updating C:\home\data\SitePackages\packagename.txt with deployment 20251123144231.zip" date="2025-11-23T14:42:36.069" /><!-- duration: 78ms -->
    <step title="Begin HttpPost https://quizz-backend-gwaabvhae4fpbfck.scm.westus3-01.azurewebsites.net/operations/settriggers, x-ms-request-id: dad1038f-ddff-4a67-be25-83004f089e79" date="2025-11-23T14:42:36.241" /><!-- duration: 16ms -->
    <step title="End HttpPost, status: OK" date="2025-11-23T14:42:36.725" /><!-- duration: 16ms -->
    <step title="Scheduling background sync triggers after delay" date="2025-11-23T14:42:36.757" /><!-- duration: 31ms -->
  </step><!-- duration: 3875ms -->
  <step title="LockFile &apos;C:\home\site\locks\deployments.lock&apos; released" date="2025-11-23T14:42:37.007" /><!-- duration: 16ms -->
</step><!-- duration: 4298ms -->
