<step title="Incoming Request" date="2025-11-23T15:22:16.883" instance="96b6d0" url="/api/zipdeploy?isAsync=true&amp;Deployer=az_cli_functions" method="POST" type="request" pid="5540,2,8" Cache-Control="no-cache" Content-Length="16267519" Content-Type="application/octet-stream" Accept="*/*" Accept-Encoding="gzip, deflate" Authorization="Bea..." Host="quizz-backend-gwaabvhae4fpbfck.scm.westus3-01.azurewebsites.net" User-Agent="AZURECLI/2.78.0 (MSI)" x-ms-client-request-id="087af07b-c880-11f0-8a39-7c1e52c24321" X-ARR-LOG-ID="087af07b-c880-11f0-8a39-7c1e52c24321" CLIENT-IP="145.132.102.49:6152" X-SITE-DEPLOYMENT-ID="Quizz-Backend" WAS-DEFAULT-HOSTNAME="quizz-backend-gwaabvhae4fpbfck.scm.westus3-01.azurewebsites.net" X-Forwarded-Proto="https" X-AppService-Proto="https" X-Forwarded-TlsVersion="1.3" X-WAWS-Unencoded-URL="/api/zipdeploy?isAsync=true&amp;Deployer=az_cli_functions" >
  <step title="ZipPushDeploy" date="2025-11-23T15:22:17.258" >
    <step title="Functions App ZipDeploy. Extract zip. " date="2025-11-23T15:22:17.336" /><!-- duration: 16ms -->
    <step title="Starting PushDeployAsync" date="2025-11-23T15:22:17.399" /><!-- duration: 16ms -->
    <step title="Updating shutdown sentinel last write time" date="2025-11-23T15:22:17.493" SemaphoreCount="7" /><!-- duration: 31ms -->
    <step title="LockFile &apos;C:\home\site\locks\deployments.lock&apos; acquired" date="2025-11-23T15:22:17.555" /><!-- duration: 31ms -->
    <step title="Saving request content to C:\local\Temp\zipdeploy\ssgatd5e.zip" date="2025-11-23T15:22:17.618" >
      <step title="Total 16,267,519 bytes written to C:\local\Temp\zipdeploy\ssgatd5e.zip" date="2025-11-23T15:22:17.776" /><!-- duration: 16ms -->
    </step><!-- duration: 221ms -->
    <step title="LockFile &apos;C:\home\site\locks\deployments.lock&apos; released" date="2025-11-23T15:22:17.886" /><!-- duration: 16ms -->
    <step title="Deleting shutdown sentinel file" date="2025-11-23T15:22:17.964" SemaphoreCount="8" /><!-- duration: 16ms -->
    <step title="Starting FetchDeploy" date="2025-11-23T15:22:18.011" /><!-- duration: 16ms -->
    <step title="Start deployment in the background" date="2025-11-23T15:22:18.073" >
      <step title="Starting LocalZipFetch" date="2025-11-23T15:22:18.636" /><!-- duration: 16ms -->
    </step><!-- duration: 1016ms -->
  </step><!-- duration: 1862ms -->
  <step title="Outgoing response" date="2025-11-23T15:22:20.089" type="response" statusCode="202" statusText="Accepted" Server="Microsoft-IIS/10.0" x-ms-request-id="087af07b-c880-11f0-8a39-7c1e52c24321" Retry-After="30" Cache-Control="private" X-AspNet-Version="4.0.30319" Location="https://quizz-backend-gwaabvhae4fpbfck.scm.westus3-01.azurewebsites.net/api/deployments/latest?deployer=az_cli_functions&amp;time=2025-11-23_15-22-19Z" /><!-- duration: 16ms -->
</step><!-- duration: 3252ms -->
