<step title="BackgroundTrace" date="2025-11-23T15:22:18.104" instance="96b6d0" url="/api/zipdeploy" method="POST" >
  <step title="Updating shutdown sentinel last write time" date="2025-11-23T15:22:18.136" SemaphoreCount="7" /><!-- duration: 16ms -->
  <step title="LockFile &apos;C:\home\site\locks\deployments.lock&apos; acquired" date="2025-11-23T15:22:18.183" /><!-- duration: 16ms -->
  <step title="Creating temporary deployment" date="2025-11-23T15:22:18.214" /><!-- duration: 125ms -->
  <step title="Performing fetch based deployment" date="2025-11-23T15:22:18.370" >
    <step title="Fetching changes." date="2025-11-23T15:22:18.558" /><!-- duration: 16ms -->
    <step title="Starting LocalZipHandler" date="2025-11-23T15:22:18.589" /><!-- duration: 16ms -->
    <step title="Cleaning up temp folders from previous zip deployments and extracting pushed zip file C:\local\Temp\zipdeploy\ssgatd5e.zip (15.51 MB) to C:\local\Temp\zipdeploy\extracted" date="2025-11-23T15:22:18.698" /><!-- duration: 31ms -->
    <step title="Cleaning up temp folders from previous zip deployments and extracting pushed zip file C:\local\Temp\zipdeploy\ssgatd5e.zip (15.51 MB) to C:\local\Temp\zipdeploy\extracted" date="2025-11-23T15:22:18.745" >
      <step title="Extracting 222 entries to C:\local\Temp\zipdeploy\extracted directory" date="2025-11-23T15:22:19.183" >
        <step title="Extracting to C:\local\Temp\zipdeploy\extracted\.azurefunctions\function.deps.json ..." date="2025-11-23T15:22:19.198" /><!-- duration: 47ms -->
        <step title="Extracting to C:\local\Temp\zipdeploy\extracted\.azurefunctions\Microsoft.Azure.Functions.Worker.Extensions.dll ..." date="2025-11-23T15:22:19.261" /><!-- duration: 31ms -->
        <step title="Extracting to C:\local\Temp\zipdeploy\extracted\.azurefunctions\Microsoft.Azure.Functions.Worker.Extensions.pdb ..." date="2025-11-23T15:22:19.308" /><!-- duration: 16ms -->
        <step title="Extracting to C:\local\Temp\zipdeploy\extracted\.azurefunctions\Microsoft.Azure.WebJobs.Extensions.FunctionMetadataLoader.dll ..." date="2025-11-23T15:22:19.354" /><!-- duration: 31ms -->
        <step title="Extracting to C:\local\Temp\zipdeploy\extracted\.azurefunctions\Microsoft.Azure.WebJobs.Host.Storage.dll ..." date="2025-11-23T15:22:19.401" /><!-- duration: 16ms -->
        <step title="Omitting extracting file traces ..." date="2025-11-23T15:22:19.448" /><!-- duration: 16ms -->
        <step title="Extracting to C:\local\Temp\zipdeploy\extracted\YamlDotNet.dll ..." date="2025-11-23T15:22:20.042" /><!-- duration: 31ms -->
      </step><!-- duration: 906ms -->
    </step><!-- duration: 1359ms -->
    <step title="Before sending BuildRequestReceived status to /api/updatedeploystatus" date="2025-11-23T15:22:20.151" /><!-- duration: 16ms -->
    <step title="DeploymentManager.Deploy(id:8e452961cae84214927ccdc6e1097430)" date="2025-11-23T15:22:20.198" >
      <step title="Collecting changeset information" date="2025-11-23T15:22:20.245" /><!-- duration: 141ms -->
      <step title="Updating submodules" date="2025-11-23T15:22:20.401" >
        <step title="Updating submodules." date="2025-11-23T15:22:20.558" /><!-- duration: 31ms -->
      </step><!-- duration: 203ms -->
      <step title="Preparing deployment for commit id &apos;8e452961ca&apos;." date="2025-11-23T15:22:20.761" /><!-- duration: 16ms -->
      <step title="Determining deployment builder" date="2025-11-23T15:22:20.933" >
        <step title="Builder is BasicBuilder" date="2025-11-23T15:22:20.948" /><!-- duration: 16ms -->
      </step><!-- duration: 63ms -->
      <step title="Copying SSH keys" date="2025-11-23T15:22:21.073" /><!-- duration: 31ms -->
      <step title="Building" date="2025-11-23T15:22:21.120" >
        <step title="Generating deployment script." date="2025-11-23T15:22:21.276" /><!-- duration: 16ms -->
        <step title="Generating deployment script" date="2025-11-23T15:22:21.308" >
          <step title="Using the following command to generate deployment script: &apos;azure site deploymentscript -y --no-dot-deployment -r &quot;C:\local\Temp\zipdeploy\extracted&quot; -o &quot;C:\home\site\deployments\tools&quot; --basic --sitePath &quot;C:\local\Temp\zipdeploy\extracted&quot;&apos;." date="2025-11-23T15:22:21.417" /><!-- duration: 31ms -->
          <step title="Executing external process" date="2025-11-23T15:22:21.479" type="process" path="starter.cmd" arguments="&quot;C:\Program Files (x86)\SiteExtensions\Kudu\2025.09.1.1\bin\node_modules\.bin\kuduscript.cmd&quot; -y --no-dot-deployment -r &quot;C:\local\Temp\zipdeploy\extracted&quot; -o &quot;C:\home\site\deployments\tools&quot; --basic --sitePath &quot;C:\local\Temp\zipdeploy\extracted&quot;" >
            <step title="Generating deployment script for Web Site" date="2025-11-23T15:22:21.951" /><!-- duration: 16ms -->
            <step title="Generated deployment script files" date="2025-11-23T15:22:22.013" /><!-- duration: 16ms -->
          </step><!-- duration: 597ms -->
          <step title="Saved cached version of the deployment script for command -y --no-dot-deployment -r &quot;C:\local\Temp\zipdeploy\extracted&quot; -o &quot;C:\home\site\deployments\tools&quot; --basic --sitePath &quot;C:\local\Temp\zipdeploy\extracted&quot;" date="2025-11-23T15:22:22.123" /><!-- duration: 16ms -->
        </step><!-- duration: 846ms -->
        <step title="Running deployment command..." date="2025-11-23T15:22:22.326" /><!-- duration: 16ms -->
        <step title="Command: &quot;C:\home\site\deployments\tools\deploy.cmd&quot;" date="2025-11-23T15:22:22.373" /><!-- duration: 16ms -->
        <step title="Executing external process" date="2025-11-23T15:22:22.404" type="process" path="starter.cmd" arguments="&quot;C:\home\site\deployments\tools\deploy.cmd&quot;" >
          <step title="C:\local\Temp\zipdeploy\extracted&gt;where node  2&gt;nul 1&gt;nul " date="2025-11-23T15:22:22.998" /><!-- duration: 16ms -->
          <step title="C:\local\Temp\zipdeploy\extracted&gt;IF 0 NEQ 0 (" date="2025-11-23T15:22:23.076" /><!-- duration: 16ms -->
          <step title="echo Missing node.js executable, please install node.js, if already installed make sure it can be reached from current environment.  " date="2025-11-23T15:22:23.138" /><!-- duration: 16ms -->
          <step title=" goto error " date="2025-11-23T15:22:23.185" /><!-- duration: 16ms -->
          <step title=") " date="2025-11-23T15:22:23.248" /><!-- duration: 16ms -->
          <step title="C:\local\Temp\zipdeploy\extracted&gt;setlocal enabledelayedexpansion " date="2025-11-23T15:22:23.326" /><!-- duration: 17ms -->
          <step title="C:\local\Temp\zipdeploy\extracted&gt;SET ARTIFACTS=C:\home\site\deployments\tools\..\artifacts " date="2025-11-23T15:22:23.388" /><!-- duration: 16ms -->
          <step title="C:\local\Temp\zipdeploy\extracted&gt;IF NOT DEFINED DEPLOYMENT_SOURCE (SET DEPLOYMENT_SOURCE=C:\home\site\deployments\tools\. ) " date="2025-11-23T15:22:23.451" /><!-- duration: 16ms -->
          <step title="C:\local\Temp\zipdeploy\extracted&gt;IF NOT DEFINED DEPLOYMENT_TARGET (SET DEPLOYMENT_TARGET=C:\home\site\deployments\tools\..\artifacts\wwwroot ) " date="2025-11-23T15:22:23.529" /><!-- duration: 16ms -->
          <step title="C:\local\Temp\zipdeploy\extracted&gt;IF NOT DEFINED NEXT_MANIFEST_PATH (" date="2025-11-23T15:22:23.607" /><!-- duration: 16ms -->
          <step title="SET NEXT_MANIFEST_PATH=C:\home\site\deployments\tools\..\artifacts\manifest  " date="2025-11-23T15:22:23.654" /><!-- duration: 16ms -->
          <step title=" IF NOT DEFINED PREVIOUS_MANIFEST_PATH (SET PREVIOUS_MANIFEST_PATH=C:\home\site\deployments\tools\..\artifacts\manifest ) " date="2025-11-23T15:22:23.701" /><!-- duration: 31ms -->
          <step title=") " date="2025-11-23T15:22:23.763" /><!-- duration: 16ms -->
          <step title="C:\local\Temp\zipdeploy\extracted&gt;IF NOT DEFINED KUDU_SYNC_CMD (" date="2025-11-23T15:22:23.827" /><!-- duration: 16ms -->
          <step title="echo Installing Kudu Sync  " date="2025-11-23T15:22:23.875" /><!-- duration: 15ms -->
          <step title=" call npm install kudusync -g --silent  " date="2025-11-23T15:22:23.927" /><!-- duration: 16ms -->
          <step title=" IF !ERRORLEVEL! NEQ 0 goto error  " date="2025-11-23T15:22:23.989" /><!-- duration: 16ms -->
          <step title=" SET KUDU_SYNC_CMD=C:\local\AppData\npm\kuduSync.cmd " date="2025-11-23T15:22:24.036" /><!-- duration: 16ms -->
          <step title=") " date="2025-11-23T15:22:24.098" /><!-- duration: 16ms -->
          <step title="C:\local\Temp\zipdeploy\extracted&gt;echo Handling Basic Web Site deployment. " date="2025-11-23T15:22:24.161" /><!-- duration: 16ms -->
          <step title="Handling Basic Web Site deployment." date="2025-11-23T15:22:24.223" /><!-- duration: 16ms -->
          <step title="C:\local\Temp\zipdeploy\extracted&gt;IF /I &quot;&quot; NEQ &quot;1&quot; (" date="2025-11-23T15:22:24.302" /><!-- duration: 16ms -->
          <step title="IF /I &quot;0&quot; EQU &quot;1&quot; (SET IGNORE_MANIFEST_PARAM=-x )  " date="2025-11-23T15:22:24.348" /><!-- duration: 16ms -->
          <step title=" call :ExecuteCmd &quot;kudusync&quot; -v 50 !IGNORE_MANIFEST_PARAM! -f &quot;C:\local\Temp\zipdeploy\extracted&quot; -t &quot;C:\home\site\wwwroot&quot; -n &quot;C:\home\site\deployments\8e452961cae84214927ccdc6e1097430\manifest&quot; -p &quot;C:\Program Files (x86)\SiteExtensions\Kudu\2025.09.1.1\bin\Scripts\firstDeploymentManifest&quot; -i &quot;.git;.hg;.deployment;deploy.cmd&quot;  " date="2025-11-23T15:22:24.395" /><!-- duration: 16ms -->
          <step title=" IF !ERRORLEVEL! NEQ 0 goto error " date="2025-11-23T15:22:24.458" /><!-- duration: 16ms -->
          <step title=") " date="2025-11-23T15:22:24.505" /><!-- duration: 16ms -->
          <step title="C:\local\Temp\zipdeploy\extracted&gt;setlocal" date="2025-11-23T15:22:24.583" /><!-- duration: 16ms -->
          <step title="C:\local\Temp\zipdeploy\extracted&gt;set _CMD_=&quot;kudusync&quot; -v 50  -f &quot;C:\local\Temp\zipdeploy\extracted&quot; -t &quot;C:\home\site\wwwroot&quot; -n &quot;C:\home\site\deployments\8e452961cae84214927ccdc6e1097430\manifest&quot; -p &quot;C:\Program Files (x86)\SiteExtensions\Kudu\2025.09.1.1\bin\Scripts\firstDeploymentManifest&quot; -i &quot;.git;.hg;.deployment;deploy.cmd&quot; " date="2025-11-23T15:22:24.645" /><!-- duration: 31ms -->
          <step title="C:\local\Temp\zipdeploy\extracted&gt;call &quot;kudusync&quot; -v 50  -f &quot;C:\local\Temp\zipdeploy\extracted&quot; -t &quot;C:\home\site\wwwroot&quot; -n &quot;C:\home\site\deployments\8e452961cae84214927ccdc6e1097430\manifest&quot; -p &quot;C:\Program Files (x86)\SiteExtensions\Kudu\2025.09.1.1\bin\Scripts\firstDeploymentManifest&quot; -i &quot;.git;.hg;.deployment;deploy.cmd&quot; " date="2025-11-23T15:22:24.724" /><!-- duration: 16ms -->
          <step title="C:\local\Temp\zipdeploy\extracted&gt;&quot;KuduSync.NET.exe&quot; -v 50  -f &quot;C:\local\Temp\zipdeploy\extracted&quot; -t &quot;C:\home\site\wwwroot&quot; -n &quot;C:\home\site\deployments\8e452961cae84214927ccdc6e1097430\manifest&quot; -p &quot;C:\Program Files (x86)\SiteExtensions\Kudu\2025.09.1.1\bin\Scripts\firstDeploymentManifest&quot; -i &quot;.git;.hg;.deployment;deploy.cmd&quot; " date="2025-11-23T15:22:24.802" /><!-- duration: 31ms -->
          <step title="Creating app_offline.htm" date="2025-11-23T15:22:24.865" /><!-- duration: 16ms -->
          <step title="KuduSync.NET from: &apos;C:\local\Temp\zipdeploy\extracted&apos; to: &apos;C:\home\site\wwwroot&apos;" date="2025-11-23T15:22:24.912" /><!-- duration: 16ms -->
          <step title="Copying file: &apos;Auth.dll&apos;" date="2025-11-23T15:22:24.990" /><!-- duration: 16ms -->
          <step title="Copying file: &apos;Auth.pdb&apos;" date="2025-11-23T15:22:25.037" /><!-- duration: 34ms -->
          <step title="Copying file: &apos;Azure.Core.dll&apos;" date="2025-11-23T15:22:25.115" /><!-- duration: 16ms -->
          <step title="Copying file: &apos;BCrypt.Net-Next.dll&apos;" date="2025-11-23T15:22:25.162" /><!-- duration: 16ms -->
          <step title="Copying file: &apos;DataAccess.dll&apos;" date="2025-11-23T15:22:25.225" /><!-- duration: 15ms -->
          <step title="Copying file: &apos;DataAccess.pdb&apos;" date="2025-11-23T15:22:25.271" /><!-- duration: 31ms -->
          <step title="Copying file: &apos;DataModel.dll&apos;" date="2025-11-23T15:22:25.334" /><!-- duration: 16ms -->
          <step title="Copying file: &apos;DataModel.pdb&apos;" date="2025-11-23T15:22:25.386" /><!-- duration: 11ms -->
          <step title="Copying file: &apos;extensions.json&apos;" date="2025-11-23T15:22:25.443" /><!-- duration: 16ms -->
          <step title="Copying file: &apos;Functions.deps.json&apos;" date="2025-11-23T15:22:25.490" /><!-- duration: 16ms -->
          <step title="Copying file: &apos;Functions.dll&apos;" date="2025-11-23T15:22:25.537" /><!-- duration: 16ms -->
          <step title="Copying file: &apos;Functions.exe&apos;" date="2025-11-23T15:22:25.600" /><!-- duration: 16ms -->
          <step title="Copying file: &apos;functions.metadata&apos;" date="2025-11-23T15:22:25.646" /><!-- duration: 16ms -->
          <step title="Copying file: &apos;Functions.pdb&apos;" date="2025-11-23T15:22:25.693" /><!-- duration: 16ms -->
          <step title="Copying file: &apos;Functions.runtimeconfig.json&apos;" date="2025-11-23T15:22:25.756" /><!-- duration: 16ms -->
          <step title="Copying file: &apos;Google.Protobuf.dll&apos;" date="2025-11-23T15:22:25.803" /><!-- duration: 16ms -->
          <step title="Copying file: &apos;Grpc.Core.Api.dll&apos;" date="2025-11-23T15:22:25.850" /><!-- duration: 31ms -->
          <step title="Copying file: &apos;Grpc.Net.Client.dll&apos;" date="2025-11-23T15:22:25.912" /><!-- duration: 16ms -->
          <step title="Copying file: &apos;Grpc.Net.ClientFactory.dll&apos;" date="2025-11-23T15:22:25.959" /><!-- duration: 16ms -->
          <step title="Copying file: &apos;Grpc.Net.Common.dll&apos;" date="2025-11-23T15:22:26.006" /><!-- duration: 16ms -->
          <step title="Copying file: &apos;host.json&apos;" date="2025-11-23T15:22:26.070" /><!-- duration: 14ms -->
          <step title="Copying file: &apos;Microsoft.AI.DependencyCollector.dll&apos;" date="2025-11-23T15:22:26.115" /><!-- duration: 16ms -->
          <step title="Copying file: &apos;Microsoft.AI.EventCounterCollector.dll&apos;" date="2025-11-23T15:22:26.162" /><!-- duration: 31ms -->
          <step title="Copying file: &apos;Microsoft.AI.PerfCounterCollector.dll&apos;" date="2025-11-23T15:22:26.225" /><!-- duration: 16ms -->
          <step title="Copying file: &apos;Microsoft.AI.ServerTelemetryChannel.dll&apos;" date="2025-11-23T15:22:26.271" /><!-- duration: 31ms -->
          <step title="Copying file: &apos;Microsoft.AI.WindowsServer.dll&apos;" date="2025-11-23T15:22:26.334" /><!-- duration: 31ms -->
          <step title="Copying file: &apos;Microsoft.ApplicationInsights.dll&apos;" date="2025-11-23T15:22:26.397" /><!-- duration: 15ms -->
          <step title="Copying file: &apos;Microsoft.ApplicationInsights.WorkerService.dll&apos;" date="2025-11-23T15:22:26.459" /><!-- duration: 16ms -->
          <step title="Copying file: &apos;Microsoft.AspNetCore.Authentication.Abstractions.dll&apos;" date="2025-11-23T15:22:26.521" /><!-- duration: 16ms -->
          <step title="Copying file: &apos;Microsoft.AspNetCore.Authentication.Core.dll&apos;" date="2025-11-23T15:22:26.568" /><!-- duration: 16ms -->
          <step title="Copying file: &apos;Microsoft.AspNetCore.Authorization.dll&apos;" date="2025-11-23T15:22:26.632" /><!-- duration: 17ms -->
          <step title="Copying file: &apos;Microsoft.AspNetCore.Authorization.Policy.dll&apos;" date="2025-11-23T15:22:26.678" /><!-- duration: 16ms -->
          <step title="Copying file: &apos;Microsoft.AspNetCore.Hosting.Abstractions.dll&apos;" date="2025-11-23T15:22:26.741" /><!-- duration: 16ms -->
          <step title="Copying file: &apos;Microsoft.AspNetCore.Hosting.Server.Abstractions.dll&apos;" date="2025-11-23T15:22:26.788" /><!-- duration: 16ms -->
          <step title="Copying file: &apos;Microsoft.AspNetCore.Http.Abstractions.dll&apos;" date="2025-11-23T15:22:26.835" /><!-- duration: 16ms -->
          <step title="Copying file: &apos;Microsoft.AspNetCore.Http.dll&apos;" date="2025-11-23T15:22:26.897" /><!-- duration: 16ms -->
          <step title="Copying file: &apos;Microsoft.AspNetCore.Http.Extensions.dll&apos;" date="2025-11-23T15:22:26.944" /><!-- duration: 31ms -->
          <step title="Copying file: &apos;Microsoft.AspNetCore.Http.Features.dll&apos;" date="2025-11-23T15:22:27.007" /><!-- duration: 16ms -->
          <step title="Copying file: &apos;Microsoft.AspNetCore.JsonPatch.dll&apos;" date="2025-11-23T15:22:27.085" /><!-- duration: 16ms -->
          <step title="Copying file: &apos;Microsoft.AspNetCore.Mvc.Abstractions.dll&apos;" date="2025-11-23T15:22:27.147" /><!-- duration: 16ms -->
          <step title="Copying file: &apos;Microsoft.AspNetCore.Mvc.Core.dll&apos;" date="2025-11-23T15:22:27.194" /><!-- duration: 16ms -->
          <step title="Copying file: &apos;Microsoft.AspNetCore.Mvc.Formatters.Json.dll&apos;" date="2025-11-23T15:22:27.257" /><!-- duration: 16ms -->
          <step title="Copying file: &apos;Microsoft.AspNetCore.Mvc.WebApiCompatShim.dll&apos;" date="2025-11-23T15:22:27.303" /><!-- duration: 16ms -->
          <step title="Copying file: &apos;Microsoft.AspNetCore.ResponseCaching.Abstractions.dll&apos;" date="2025-11-23T15:22:27.350" /><!-- duration: 31ms -->
          <step title="Copying file: &apos;Microsoft.AspNetCore.Routing.Abstractions.dll&apos;" date="2025-11-23T15:22:27.428" /><!-- duration: 16ms -->
          <step title="Copying file: &apos;Microsoft.AspNetCore.Routing.dll&apos;" date="2025-11-23T15:22:27.475" /><!-- duration: 17ms -->
          <step title="Copying file: &apos;Microsoft.AspNetCore.WebUtilities.dll&apos;" date="2025-11-23T15:22:27.523" /><!-- duration: 16ms -->
          <step title="Copying file: &apos;Microsoft.Azure.Functions.Extensions.dll&apos;" date="2025-11-23T15:22:27.586" /><!-- duration: 16ms -->
          <step title="Omitting next output lines..." date="2025-11-23T15:22:27.632" /><!-- duration: 16ms -->
          <step title="C:\local\Temp\zipdeploy\extracted&gt;if &quot;0&quot; NEQ &quot;0&quot; echo Failed exitCode=0, command=&quot;kudusync&quot; -v 50  -f &quot;C:\local\Temp\zipdeploy\extracted&quot; -t &quot;C:\home\site\wwwroot&quot; -n &quot;C:\home\site\deployments\8e452961cae84214927ccdc6e1097430\manifest&quot; -p &quot;C:\Program Files (x86)\SiteExtensions\Kudu\2025.09.1.1\bin\Scripts\firstDeploymentManifest&quot; -i &quot;.git;.hg;.deployment;deploy.cmd&quot; " date="2025-11-23T15:22:30.274" /><!-- duration: 16ms -->
          <step title="C:\local\Temp\zipdeploy\extracted&gt;exit /b 0 " date="2025-11-23T15:22:30.352" /><!-- duration: 16ms -->
          <step title="C:\local\Temp\zipdeploy\extracted&gt;goto end " date="2025-11-23T15:22:30.430" /><!-- duration: 16ms -->
          <step title="C:\local\Temp\zipdeploy\extracted&gt;endlocal" date="2025-11-23T15:22:30.493" /><!-- duration: 16ms -->
          <step title="C:\local\Temp\zipdeploy\extracted&gt;echo Finished successfully. " date="2025-11-23T15:22:30.571" /><!-- duration: 16ms -->
          <step title="Finished successfully." date="2025-11-23T15:22:30.617" /><!-- duration: 16ms -->
        </step><!-- duration: 8245ms -->
        <step title="Running post deployment command(s)..." date="2025-11-23T15:22:30.805" /><!-- duration: 16ms -->
        <step title="Triggering recycle (preview mode disabled)." date="2025-11-23T15:22:30.992" /><!-- duration: 16ms -->
        <step title="Ignoring FS watcher based recycle request as this is a classic Windows app." date="2025-11-23T15:22:31.024" /><!-- duration: 16ms -->
        <step title="Deployment successful. DEPLOYMENTINFO: deploymentPath = Functions App ZipDeploy. Extract zip. , deployer = az_cli_functions, os = windows, sku = Dynamic, language = dotnet-isolated, siteName = Quizz-Backend, slotName = Production, siteHostName = quizz-backend-gwaabvhae4fpbfck.westus3-01.azurewebsites.net, deploymentStatus = Success" date="2025-11-23T15:22:31.211" /><!-- duration: 31ms -->
      </step><!-- duration: 10435ms -->
    </step><!-- duration: 11372ms -->
    <step title="Cleaning up temp files" date="2025-11-23T15:22:31.586" /><!-- duration: 31ms -->
    <step title="Begin HttpPost https://quizz-backend-gwaabvhae4fpbfck.scm.westus3-01.azurewebsites.net/operations/settriggers, x-ms-request-id: 087af07b-c880-11f0-8a39-7c1e52c24321" date="2025-11-23T15:22:31.696" /><!-- duration: 16ms -->
    <step title="End HttpPost, status: OK" date="2025-11-23T15:22:32.086" /><!-- duration: 16ms -->
    <step title="Scheduling background sync triggers after delay" date="2025-11-23T15:22:32.133" /><!-- duration: 16ms -->
  </step><!-- duration: 13858ms -->
  <step title="LockFile &apos;C:\home\site\locks\deployments.lock&apos; released" date="2025-11-23T15:22:32.258" /><!-- duration: 16ms -->
</step><!-- duration: 14201ms -->
