<step title="BackgroundTrace" date="2025-11-23T14:26:45.921" instance="32a06b" url="synctriggers-operation" method="POST" >
  <step title="Updating shutdown sentinel last write time" date="2025-11-23T14:26:45.937" SemaphoreCount="6" /><!-- duration: 16ms -->
  <step title="Delaying &apos;00:01:00&apos; for Functions site to restart." date="2025-11-23T14:26:45.968" /><!-- duration: 16ms -->
  <step title="Begin HttpPost https://quizz-backend-gwaabvhae4fpbfck.westus3-01.azurewebsites.net/admin/host/synctriggers, x-ms-request-id: 4054aad9-16d1-447d-941e-dffe882a4c98" date="2025-11-23T14:27:46.028" /><!-- duration: 31ms -->
  <step title="End HttpPost, status: ServiceUnavailable" date="2025-11-23T14:27:46.153" /><!-- duration: 47ms -->
  <step title="Begin HttpPost https://quizz-backend-gwaabvhae4fpbfck.westus3-01.azurewebsites.net/admin/host/synctriggers, x-ms-request-id: 4054aad9-16d1-447d-941e-dffe882a4c98" date="2025-11-23T14:27:47.215" /><!-- duration: 31ms -->
  <step title="End HttpPost, status: ServiceUnavailable" date="2025-11-23T14:27:47.309" /><!-- duration: 16ms -->
  <step title="Begin HttpPost https://quizz-backend-gwaabvhae4fpbfck.westus3-01.azurewebsites.net/admin/host/synctriggers, x-ms-request-id: 4054aad9-16d1-447d-941e-dffe882a4c98" date="2025-11-23T14:27:48.352" /><!-- duration: 16ms -->
  <step title="End HttpPost, status: ServiceUnavailable" date="2025-11-23T14:27:48.431" /><!-- duration: 16ms -->
  <step title="Syncing function triggers by calling the functions runtime site failed. System.Net.Http.HttpRequestException: Response status code does not indicate success: 503 (Service Unavailable).
   at System.Net.Http.HttpResponseMessage.EnsureSuccessStatusCode()
   at Kudu.Core.Helpers.PostDeploymentHelper.&lt;PostAsync&gt;d__49.MoveNext()
--- End of stack trace from previous location where exception was thrown ---
   at System.Runtime.ExceptionServices.ExceptionDispatchInfo.Throw()
   at System.Runtime.CompilerServices.TaskAwaiter.HandleNonSuccessAndDebuggerNotification(Task task)
   at Kudu.Core.Helpers.PostDeploymentHelper.&lt;&gt;c__DisplayClass38_0.&lt;&lt;TryFunctionsRuntimeSyncTriggers&gt;b__1&gt;d.MoveNext()
--- End of stack trace from previous location where exception was thrown ---
   at System.Runtime.ExceptionServices.ExceptionDispatchInfo.Throw()
   at System.Runtime.CompilerServices.TaskAwaiter.HandleNonSuccessAndDebuggerNotification(Task task)
   at Kudu.Core.Infrastructure.OperationManager.&lt;&gt;c__DisplayClass4_0.&lt;&lt;AttemptAsync&gt;b__0&gt;d.MoveNext()
--- End of stack trace from previous location where exception was thrown ---
   at System.Runtime.ExceptionServices.ExceptionDispatchInfo.Throw()
   at Kudu.Core.Infrastructure.OperationManager.&lt;AttemptAsync&gt;d__5`1.MoveNext()
--- End of stack trace from previous location where exception was thrown ---
   at System.Runtime.ExceptionServices.ExceptionDispatchInfo.Throw()
   at System.Runtime.CompilerServices.TaskAwaiter.HandleNonSuccessAndDebuggerNotification(Task task)
   at Kudu.Core.Helpers.PostDeploymentHelper.&lt;TryFunctionsRuntimeSyncTriggers&gt;d__38.MoveNext()" date="2025-11-23T14:27:48.462" /><!-- duration: 16ms -->
  <step title="Attempting to perform settriggers call directly." date="2025-11-23T14:27:48.509" /><!-- duration: 16ms -->
  <step title="Begin HttpPost https://quizz-backend-gwaabvhae4fpbfck.scm.westus3-01.azurewebsites.net/operations/settriggers, x-ms-request-id: 4054aad9-16d1-447d-941e-dffe882a4c98" date="2025-11-23T14:27:48.571" /><!-- duration: 16ms -->
  <step title="End HttpPost, status: OK" date="2025-11-23T14:27:48.696" /><!-- duration: 16ms -->
  <step title="Syncing 0 function triggers with payload size 15 bytes successful." date="2025-11-23T14:27:48.743" /><!-- duration: 16ms -->
  <step title="Deleting shutdown sentinel file" date="2025-11-23T14:27:48.774" SemaphoreCount="8" /><!-- duration: 16ms -->
</step><!-- duration: 62900ms -->
