<step title="BackgroundTrace" date="2025-11-23T15:16:58.353" instance="96b6d0" url="synctriggers-operation" method="POST" >
  <step title="Updating shutdown sentinel last write time" date="2025-11-23T15:16:58.369" SemaphoreCount="6" /><!-- duration: 63ms -->
  <step title="Delaying &apos;00:01:00&apos; for Functions site to restart." date="2025-11-23T15:16:58.509" /><!-- duration: 16ms -->
  <step title="Begin HttpPost https://quizz-backend-gwaabvhae4fpbfck.westus3-01.azurewebsites.net/admin/host/synctriggers, x-ms-request-id: 3bf4971f-ee38-4768-82d4-3d23b7a2ad2e" date="2025-11-23T15:17:58.558" /><!-- duration: 31ms -->
  <step title="End HttpPost, status: ServiceUnavailable" date="2025-11-23T15:17:58.839" /><!-- duration: 16ms -->
  <step title="Begin HttpPost https://quizz-backend-gwaabvhae4fpbfck.westus3-01.azurewebsites.net/admin/host/synctriggers, x-ms-request-id: 3bf4971f-ee38-4768-82d4-3d23b7a2ad2e" date="2025-11-23T15:17:59.889" /><!-- duration: 16ms -->
  <step title="End HttpPost, status: ServiceUnavailable" date="2025-11-23T15:17:59.952" /><!-- duration: 16ms -->
  <step title="Begin HttpPost https://quizz-backend-gwaabvhae4fpbfck.westus3-01.azurewebsites.net/admin/host/synctriggers, x-ms-request-id: 3bf4971f-ee38-4768-82d4-3d23b7a2ad2e" date="2025-11-23T15:18:00.990" /><!-- duration: 47ms -->
  <step title="End HttpPost, status: ServiceUnavailable" date="2025-11-23T15:18:01.100" /><!-- duration: 16ms -->
  <step title="Syncing function triggers by calling the functions runtime site failed. System.Net.Http.HttpRequestException: Response status code does not indicate success: 503 (Service Unavailable).
   at System.Net.Http.HttpResponseMessage.EnsureSuccessStatusCode()
   at Kudu.Core.Helpers.PostDeploymentHelper.&lt;PostAsync&gt;d__49.MoveNext()
--- End of stack trace from previous location where exception was thrown ---
   at System.Runtime.ExceptionServices.ExceptionDispatchInfo.Throw()
   at System.Runtime.CompilerServices.TaskAwaiter.HandleNonSuccessAndDebuggerNotification(Task task)
   at Kudu.Core.Helpers.PostDeploymentHelper.&lt;&gt;c__DisplayClass38_0.&lt;&lt;TryFunctionsRuntimeSyncTriggers&gt;b__1&gt;d.MoveNext()
--- End of stack trace from previous location where exception was thrown ---
   at System.Runtime.ExceptionServices.ExceptionDispatchInfo.Throw()
   at System.Runtime.CompilerServices.TaskAwaiter.HandleNonSuccessAndDebuggerNotification(Task task)
   at Kudu.Core.Infrastructure.OperationManager.&lt;&gt;c__DisplayClass4_0.&lt;&lt;AttemptAsync&gt;b__0&gt;d.MoveNext()
--- End of stack trace from previous location where exception was thrown ---
   at System.Runtime.ExceptionServices.ExceptionDispatchInfo.Throw()
   at Kudu.Core.Infrastructure.OperationManager.&lt;AttemptAsync&gt;d__5`1.MoveNext()
--- End of stack trace from previous location where exception was thrown ---
   at System.Runtime.ExceptionServices.ExceptionDispatchInfo.Throw()
   at System.Runtime.CompilerServices.TaskAwaiter.HandleNonSuccessAndDebuggerNotification(Task task)
   at Kudu.Core.Helpers.PostDeploymentHelper.&lt;TryFunctionsRuntimeSyncTriggers&gt;d__38.MoveNext()" date="2025-11-23T15:18:01.131" /><!-- duration: 16ms -->
  <step title="Attempting to perform settriggers call directly." date="2025-11-23T15:18:01.178" /><!-- duration: 16ms -->
  <step title="Begin HttpPost https://quizz-backend-gwaabvhae4fpbfck.scm.westus3-01.azurewebsites.net/operations/settriggers, x-ms-request-id: 3bf4971f-ee38-4768-82d4-3d23b7a2ad2e" date="2025-11-23T15:18:01.240" /><!-- duration: 31ms -->
  <step title="End HttpPost, status: OK" date="2025-11-23T15:18:01.397" /><!-- duration: 31ms -->
  <step title="Syncing 0 function triggers with payload size 15 bytes successful." date="2025-11-23T15:18:01.443" /><!-- duration: 16ms -->
  <step title="Deleting shutdown sentinel file" date="2025-11-23T15:18:01.475" SemaphoreCount="8" /><!-- duration: 16ms -->
</step><!-- duration: 63153ms -->
