<step title="BackgroundTrace" date="2025-11-23T14:56:14.217" instance="acf442" url="synctriggers-operation" method="POST" >
  <step title="Updating shutdown sentinel last write time" date="2025-11-23T14:56:14.233" SemaphoreCount="6" /><!-- duration: 16ms -->
  <step title="Delaying &apos;00:01:00&apos; for Functions site to restart." date="2025-11-23T14:56:14.280" /><!-- duration: 16ms -->
  <step title="Begin HttpPost https://quizz-backend-gwaabvhae4fpbfck.westus3-01.azurewebsites.net/admin/host/synctriggers, x-ms-request-id: f51cb5e5-5066-43d1-9eeb-7470da1be443" date="2025-11-23T14:57:14.355" /><!-- duration: 31ms -->
  <step title="End HttpPost, status: ServiceUnavailable" date="2025-11-23T14:57:14.668" /><!-- duration: 16ms -->
  <step title="Begin HttpPost https://quizz-backend-gwaabvhae4fpbfck.westus3-01.azurewebsites.net/admin/host/synctriggers, x-ms-request-id: f51cb5e5-5066-43d1-9eeb-7470da1be443" date="2025-11-23T14:57:15.726" /><!-- duration: 16ms -->
  <step title="End HttpPost, status: ServiceUnavailable" date="2025-11-23T14:57:15.804" /><!-- duration: 16ms -->
  <step title="Begin HttpPost https://quizz-backend-gwaabvhae4fpbfck.westus3-01.azurewebsites.net/admin/host/synctriggers, x-ms-request-id: f51cb5e5-5066-43d1-9eeb-7470da1be443" date="2025-11-23T14:57:16.871" /><!-- duration: 16ms -->
  <step title="End HttpPost, status: ServiceUnavailable" date="2025-11-23T14:57:16.949" /><!-- duration: 16ms -->
  <step title="Syncing function triggers by calling the functions runtime site failed. System.Net.Http.HttpRequestException: Response status code does not indicate success: 503 (Service Unavailable).
   at System.Net.Http.HttpResponseMessage.EnsureSuccessStatusCode()
   at Kudu.Core.Helpers.PostDeploymentHelper.&lt;PostAsync&gt;d__49.MoveNext()
--- End of stack trace from previous location where exception was thrown ---
   at System.Runtime.ExceptionServices.ExceptionDispatchInfo.Throw()
   at System.Runtime.CompilerServices.TaskAwaiter.HandleNonSuccessAndDebuggerNotification(Task task)
   at Kudu.Core.Helpers.PostDeploymentHelper.&lt;&gt;c__DisplayClass38_0.&lt;&lt;TryFunctionsRuntimeSyncTriggers&gt;b__1&gt;d.MoveNext()
--- End of stack trace from previous location where exception was thrown ---
   at System.Runtime.ExceptionServices.ExceptionDispatchInfo.Throw()
   at System.Runtime.CompilerServices.TaskAwaiter.HandleNonSuccessAndDebuggerNotification(Task task)
   at Kudu.Core.Infrastructure.OperationManager.&lt;&gt;c__DisplayClass4_0.&lt;&lt;AttemptAsync&gt;b__0&gt;d.MoveNext()
--- End of stack trace from previous location where exception was thrown ---
   at System.Runtime.ExceptionServices.ExceptionDispatchInfo.Throw()
   at Kudu.Core.Infrastructure.OperationManager.&lt;AttemptAsync&gt;d__5`1.MoveNext()
--- End of stack trace from previous location where exception was thrown ---
   at System.Runtime.ExceptionServices.ExceptionDispatchInfo.Throw()
   at System.Runtime.CompilerServices.TaskAwaiter.HandleNonSuccessAndDebuggerNotification(Task task)
   at Kudu.Core.Helpers.PostDeploymentHelper.&lt;TryFunctionsRuntimeSyncTriggers&gt;d__38.MoveNext()" date="2025-11-23T14:57:16.996" /><!-- duration: 16ms -->
  <step title="Attempting to perform settriggers call directly." date="2025-11-23T14:57:17.043" /><!-- duration: 17ms -->
  <step title="Begin HttpPost https://quizz-backend-gwaabvhae4fpbfck.scm.westus3-01.azurewebsites.net/operations/settriggers, x-ms-request-id: f51cb5e5-5066-43d1-9eeb-7470da1be443" date="2025-11-23T14:57:17.121" /><!-- duration: 16ms -->
  <step title="End HttpPost, status: OK" date="2025-11-23T14:57:17.277" /><!-- duration: 16ms -->
  <step title="Syncing 0 function triggers with payload size 15 bytes successful." date="2025-11-23T14:57:17.324" /><!-- duration: 16ms -->
  <step title="Deleting shutdown sentinel file" date="2025-11-23T14:57:17.355" SemaphoreCount="8" /><!-- duration: 31ms -->
</step><!-- duration: 63200ms -->
