<step title="Incoming Request" date="2025-11-23T15:27:39.147" instance="96b6d0" url="/api/deployments/latest" method="GET" type="request" pid="5540,2,27" Accept="text/html,application/xhtml+xml,application/xml;q=0.9,image/avif,image/webp,image/apng,*/*;q=0.8,application/signed-exchange;v=b3;q=0.7" Accept-Encoding="gzip, deflate, br, zstd" Accept-Language="en-IN,en-GB;q=0.9,en-US;q=0.8,en;q=0.7" Cookie="ARRAffinity=d7f48b052dc43983ade3e4107f9bc70de1a562a6c7b6fc166ac78e2a3c774cbe; ARRAffinitySameSite=d7f48b052dc43983ade3e4107f9bc70de1a562a6c7b6fc166ac78e2a3c774cbe" Host="quizz-backend-gwaabvhae4fpbfck.scm.westus3-01.azurewebsites.net" User-Agent="Mozilla/5.0 (Windows NT 10.0; Win64; x64) AppleWebKit/537.36 (KHTML, like Gecko) Chrome/142.0.0.0 Safari/537.36" sec-ch-ua="&quot;Chromium&quot;;v=&quot;142&quot;, &quot;Google Chrome&quot;;v=&quot;142&quot;, &quot;Not_A Brand&quot;;v=&quot;99&quot;" sec-ch-ua-mobile="?0" sec-ch-ua-platform="&quot;Windows&quot;" Sec-Fetch-Site="cross-site" Sec-Fetch-Mode="navigate" Sec-Fetch-User="?1" Sec-Fetch-Dest="document" X-ARR-LOG-ID="71508767-64ce-438d-bb09-5738aff2b403" CLIENT-IP="49.205.249.204:40159" X-SITE-DEPLOYMENT-ID="Quizz-Backend" WAS-DEFAULT-HOSTNAME="quizz-backend-gwaabvhae4fpbfck.scm.westus3-01.azurewebsites.net" X-Forwarded-Proto="https" X-AppService-Proto="https" X-Forwarded-TlsVersion="1.3" X-WAWS-Unencoded-URL="/api/deployments/latest" >
  <step title="Cleanup Xml Logs" date="2025-11-23T15:27:39.163" /><!-- duration: 31ms -->
  <step title="DeploymentService.GetResult" date="2025-11-23T15:27:39.241" >
    <step title="DeploymentService.GetLatestDeployment" date="2025-11-23T15:27:39.272" >
      <step title="DeploymentManager.GetResults" date="2025-11-23T15:27:39.303" /><!-- duration: 109ms -->
      <step title="Deployment 8e452961cae84214927ccdc6e1097430 is Success at 2025-11-23T15:22:31.3054922Z" date="2025-11-23T15:27:39.444" /><!-- duration: 16ms -->
    </step><!-- duration: 219ms -->
  </step><!-- duration: 281ms -->
  <step title="Outgoing response" date="2025-11-23T15:27:39.569" type="response" statusCode="200" statusText="OK" Server="Microsoft-IIS/10.0" x-ms-request-id="71508767-64ce-438d-bb09-5738aff2b403" Cache-Control="private" X-AspNet-Version="4.0.30319" Content-Type="application/json; charset=utf-8" /><!-- duration: 16ms -->
</step><!-- duration: 469ms -->
