<Events><Event><System><Provider Name="IIS AspNetCore Module V2"/><EventID>1033</EventID><Level>4</Level><Task>0</Task><Keywords>Keywords</Keywords><TimeCreated SystemTime="2025-11-23T14:12:48Z"/><EventRecordID>79171343</EventRecordID><Channel>Application</Channel><Computer>10-30-0-206</Computer><Security/></System><EventData><Data>Application 'MACHINE/WEBROOT/APPHOST/MAWSFNPLACEHOLDER126_F_V4_DOTNET-ISOLATED_8.0_X64' has shutdown.</Data><Data>Process Id: 4112.</Data><Data>File Version: 18.0.25301.22. Description: IIS ASP.NET Core Module V2 Request Handler. Commit: </Data></EventData></Event><Event><System><Provider Name="IIS AspNetCore Module V2"/><EventID>1032</EventID><Level>4</Level><Task>0</Task><Keywords>Keywords</Keywords><TimeCreated SystemTime="2025-11-23T14:14:20Z"/><EventRecordID>79264125</EventRecordID><Channel>Application</Channel><Computer>10-30-0-206</Computer><Security/></System><EventData><Data>Application 'C:\Program Files (x86)\SiteExtensions\Functions\4.1045.200\64bit\' started successfully.</Data><Data>Process Id: 4332.</Data><Data>File Version: 18.0.25301.22. Description: IIS ASP.NET Core Module V2 Request Handler. Commit: </Data></EventData></Event><Event><System><Provider Name=".NET Runtime"/><EventID>1026</EventID><Level>1</Level><Task>0</Task><Keywords>Keywords</Keywords><TimeCreated SystemTime="2025-11-23T14:14:21Z"/><EventRecordID>79264718</EventRecordID><Channel>Application</Channel><Computer>10-30-0-206</Computer><Security/></System><EventData><Data>Application: dotnet.exe
CoreCLR Version: 8.0.2225.52707
.NET Version: 8.0.22
Description: The process was terminated due to an unhandled exception.
Exception Info: System.InvalidOperationException: PostgresConnectionString not found in configuration. Set it in local.settings.json or Azure App Settings.
   at Quizz.Functions.Program.&lt;&gt;c.&lt;Main&gt;b__0_1(HostBuilderContext context, IServiceCollection services) in D:\a\Quizz-MCL\Quizz-MCL\Functions\Program.cs:line 33
   at Microsoft.Extensions.Hosting.HostBuilder.CreateServiceProvider()
   at Microsoft.Extensions.Hosting.HostBuilder.Build()
   at Quizz.Functions.Program.Main() in D:\a\Quizz-MCL\Quizz-MCL\Functions\Program.cs:line 18
</Data></EventData></Event><Event><System><Provider Name="IIS AspNetCore Module V2"/><EventID>1033</EventID><Level>4</Level><Task>0</Task><Keywords>Keywords</Keywords><TimeCreated SystemTime="2025-11-23T14:14:21Z"/><EventRecordID>79265109</EventRecordID><Channel>Application</Channel><Computer>10-30-0-206</Computer><Security/></System><EventData><Data>Application 'MACHINE/WEBROOT/APPHOST/MAWSFNPLACEHOLDER126_F_V4_DOTNET-ISOLATED_8.0_X64' has shutdown.</Data><Data>Process Id: 4332.</Data><Data>File Version: 18.0.25301.22. Description: IIS ASP.NET Core Module V2 Request Handler. Commit: </Data></EventData></Event><Event><System><Provider Name="IIS AspNetCore Module V2"/><EventID>1032</EventID><Level>4</Level><Task>0</Task><Keywords>Keywords</Keywords><TimeCreated SystemTime="2025-11-23T14:14:26Z"/><EventRecordID>79269968</EventRecordID><Channel>Application</Channel><Computer>10-30-0-206</Computer><Security/></System><EventData><Data>Application 'C:\Program Files (x86)\SiteExtensions\Functions\4.1045.200\64bit\' started successfully.</Data><Data>Process Id: 6728.</Data><Data>File Version: 18.0.25301.22. Description: IIS ASP.NET Core Module V2 Request Handler. Commit: </Data></EventData></Event><Event><System><Provider Name=".NET Runtime"/><EventID>1026</EventID><Level>1</Level><Task>0</Task><Keywords>Keywords</Keywords><TimeCreated SystemTime="2025-11-23T14:14:27Z"/><EventRecordID>79270406</EventRecordID><Channel>Application</Channel><Computer>10-30-0-206</Computer><Security/></System><EventData><Data>Application: dotnet.exe
CoreCLR Version: 8.0.2225.52707
.NET Version: 8.0.22
Description: The process was terminated due to an unhandled exception.
Exception Info: System.InvalidOperationException: PostgresConnectionString not found in configuration. Set it in local.settings.json or Azure App Settings.
   at Quizz.Functions.Program.&lt;&gt;c.&lt;Main&gt;b__0_1(HostBuilderContext context, IServiceCollection services) in D:\a\Quizz-MCL\Quizz-MCL\Functions\Program.cs:line 33
   at Microsoft.Extensions.Hosting.HostBuilder.CreateServiceProvider()
   at Microsoft.Extensions.Hosting.HostBuilder.Build()
   at Quizz.Functions.Program.Main() in D:\a\Quizz-MCL\Quizz-MCL\Functions\Program.cs:line 18
</Data></EventData></Event><Event><System><Provider Name="IIS AspNetCore Module V2"/><EventID>1033</EventID><Level>4</Level><Task>0</Task><Keywords>Keywords</Keywords><TimeCreated SystemTime="2025-11-23T14:14:27Z"/><EventRecordID>79270937</EventRecordID><Channel>Application</Channel><Computer>10-30-0-206</Computer><Security/></System><EventData><Data>Application 'MACHINE/WEBROOT/APPHOST/MAWSFNPLACEHOLDER126_F_V4_DOTNET-ISOLATED_8.0_X64' has shutdown.</Data><Data>Process Id: 6728.</Data><Data>File Version: 18.0.25301.22. Description: IIS ASP.NET Core Module V2 Request Handler. Commit: </Data></EventData></Event><Event><System><Provider Name="IIS AspNetCore Module V2"/><EventID>1032</EventID><Level>4</Level><Task>0</Task><Keywords>Keywords</Keywords><TimeCreated SystemTime="2025-11-23T14:14:35Z"/><EventRecordID>79279171</EventRecordID><Channel>Application</Channel><Computer>10-30-0-206</Computer><Security/></System><EventData><Data>Application 'C:\Program Files (x86)\SiteExtensions\Functions\4.1045.200\64bit\' started successfully.</Data><Data>Process Id: 6980.</Data><Data>File Version: 18.0.25301.22. Description: IIS ASP.NET Core Module V2 Request Handler. Commit: </Data></EventData></Event><Event><System><Provider Name=".NET Runtime"/><EventID>1026</EventID><Level>1</Level><Task>0</Task><Keywords>Keywords</Keywords><TimeCreated SystemTime="2025-11-23T14:14:37Z"/><EventRecordID>79281125</EventRecordID><Channel>Application</Channel><Computer>10-30-0-206</Computer><Security/></System><EventData><Data>Application: dotnet.exe
CoreCLR Version: 8.0.2225.52707
.NET Version: 8.0.22
Description: The process was terminated due to an unhandled exception.
Exception Info: System.InvalidOperationException: PostgresConnectionString not found in configuration. Set it in local.settings.json or Azure App Settings.
   at Quizz.Functions.Program.&lt;&gt;c.&lt;Main&gt;b__0_1(HostBuilderContext context, IServiceCollection services) in D:\a\Quizz-MCL\Quizz-MCL\Functions\Program.cs:line 33
   at Microsoft.Extensions.Hosting.HostBuilder.CreateServiceProvider()
   at Microsoft.Extensions.Hosting.HostBuilder.Build()
   at Quizz.Functions.Program.Main() in D:\a\Quizz-MCL\Quizz-MCL\Functions\Program.cs:line 18
</Data></EventData></Event><Event><System><Provider Name="IIS AspNetCore Module V2"/><EventID>1033</EventID><Level>4</Level><Task>0</Task><Keywords>Keywords</Keywords><TimeCreated SystemTime="2025-11-23T14:14:38Z"/><EventRecordID>79281546</EventRecordID><Channel>Application</Channel><Computer>10-30-0-206</Computer><Security/></System><EventData><Data>Application 'MACHINE/WEBROOT/APPHOST/MAWSFNPLACEHOLDER126_F_V4_DOTNET-ISOLATED_8.0_X64' has shutdown.</Data><Data>Process Id: 6980.</Data><Data>File Version: 18.0.25301.22. Description: IIS ASP.NET Core Module V2 Request Handler. Commit: </Data></EventData></Event><Event><System><Provider Name="IIS AspNetCore Module V2"/><EventID>1032</EventID><Level>4</Level><Task>0</Task><Keywords>Keywords</Keywords><TimeCreated SystemTime="2025-11-23T14:15:36Z"/><EventRecordID>79339359</EventRecordID><Channel>Application</Channel><Computer>10-30-0-206</Computer><Security/></System><EventData><Data>Application 'C:\Program Files (x86)\SiteExtensions\Functions\4.1045.200\64bit\' started successfully.</Data><Data>Process Id: 3660.</Data><Data>File Version: 18.0.25301.22. Description: IIS ASP.NET Core Module V2 Request Handler. Commit: </Data></EventData></Event><Event><System><Provider Name=".NET Runtime"/><EventID>1026</EventID><Level>1</Level><Task>0</Task><Keywords>Keywords</Keywords><TimeCreated SystemTime="2025-11-23T14:15:38Z"/><EventRecordID>79341343</EventRecordID><Channel>Application</Channel><Computer>10-30-0-206</Computer><Security/></System><EventData><Data>Application: dotnet.exe
CoreCLR Version: 8.0.2225.52707
.NET Version: 8.0.22
Description: The process was terminated due to an unhandled exception.
Exception Info: System.InvalidOperationException: PostgresConnectionString not found in configuration. Set it in local.settings.json or Azure App Settings.
   at Quizz.Functions.Program.&lt;&gt;c.&lt;Main&gt;b__0_1(HostBuilderContext context, IServiceCollection services) in D:\a\Quizz-MCL\Quizz-MCL\Functions\Program.cs:line 33
   at Microsoft.Extensions.Hosting.HostBuilder.CreateServiceProvider()
   at Microsoft.Extensions.Hosting.HostBuilder.Build()
   at Quizz.Functions.Program.Main() in D:\a\Quizz-MCL\Quizz-MCL\Functions\Program.cs:line 18
</Data></EventData></Event><Event><System><Provider Name="IIS AspNetCore Module V2"/><EventID>1033</EventID><Level>4</Level><Task>0</Task><Keywords>Keywords</Keywords><TimeCreated SystemTime="2025-11-23T14:15:39Z"/><EventRecordID>79342593</EventRecordID><Channel>Application</Channel><Computer>10-30-0-206</Computer><Security/></System><EventData><Data>Application 'MACHINE/WEBROOT/APPHOST/MAWSFNPLACEHOLDER126_F_V4_DOTNET-ISOLATED_8.0_X64' has shutdown.</Data><Data>Process Id: 3660.</Data><Data>File Version: 18.0.25301.22. Description: IIS ASP.NET Core Module V2 Request Handler. Commit: </Data></EventData></Event><Event><System><Provider Name="IIS AspNetCore Module V2"/><EventID>1033</EventID><Level>4</Level><Task>0</Task><Keywords>Keywords</Keywords><TimeCreated SystemTime="2025-11-23T14:19:21Z"/><EventRecordID>94091343</EventRecordID><Channel>Application</Channel><Computer>10-30-12-66</Computer><Security/></System><EventData><Data>Application 'MACHINE/WEBROOT/APPHOST/MAWSFNPLACEHOLDER175_F_V4_DOTNET-ISOLATED_8.0_X64' has shutdown.</Data><Data>Process Id: 5576.</Data><Data>File Version: 18.0.25301.22. Description: IIS ASP.NET Core Module V2 Request Handler. Commit: </Data></EventData></Event><Event><System><Provider Name="IIS AspNetCore Module V2"/><EventID>1032</EventID><Level>4</Level><Task>0</Task><Keywords>Keywords</Keywords><TimeCreated SystemTime="2025-11-23T14:19:28Z"/><EventRecordID>94098937</EventRecordID><Channel>Application</Channel><Computer>10-30-12-66</Computer><Security/></System><EventData><Data>Application 'C:\Program Files (x86)\SiteExtensions\Functions\4.1045.200\64bit\' started successfully.</Data><Data>Process Id: 7760.</Data><Data>File Version: 18.0.25301.22. Description: IIS ASP.NET Core Module V2 Request Handler. Commit: </Data></EventData></Event><Event><System><Provider Name="IIS AspNetCore Module V2"/><EventID>1033</EventID><Level>4</Level><Task>0</Task><Keywords>Keywords</Keywords><TimeCreated SystemTime="2025-11-23T14:26:50Z"/><EventRecordID>94540781</EventRecordID><Channel>Application</Channel><Computer>10-30-12-66</Computer><Security/></System><EventData><Data>Application 'MACHINE/WEBROOT/APPHOST/MAWSFNPLACEHOLDER175_F_V4_DOTNET-ISOLATED_8.0_X64' has shutdown.</Data><Data>Process Id: 7760.</Data><Data>File Version: 18.0.25301.22. Description: IIS ASP.NET Core Module V2 Request Handler. Commit: </Data></EventData></Event><Event><System><Provider Name="IIS AspNetCore Module V2"/><EventID>1032</EventID><Level>4</Level><Task>0</Task><Keywords>Keywords</Keywords><TimeCreated SystemTime="2025-11-23T14:26:55Z"/><EventRecordID>94546140</EventRecordID><Channel>Application</Channel><Computer>10-30-12-66</Computer><Security/></System><EventData><Data>Application 'C:\Program Files (x86)\SiteExtensions\Functions\4.1045.200\64bit\' started successfully.</Data><Data>Process Id: 5880.</Data><Data>File Version: 18.0.25301.22. Description: IIS ASP.NET Core Module V2 Request Handler. Commit: </Data></EventData></Event><Event><System><Provider Name="IIS AspNetCore Module V2"/><EventID>1033</EventID><Level>4</Level><Task>0</Task><Keywords>Keywords</Keywords><TimeCreated SystemTime="2025-11-23T14:32:31Z"/><EventRecordID>94881562</EventRecordID><Channel>Application</Channel><Computer>10-30-12-66</Computer><Security/></System><EventData><Data>Application 'MACHINE/WEBROOT/APPHOST/MAWSFNPLACEHOLDER175_F_V4_DOTNET-ISOLATED_8.0_X64' has shutdown.</Data><Data>Process Id: 5880.</Data><Data>File Version: 18.0.25301.22. Description: IIS ASP.NET Core Module V2 Request Handler. Commit: </Data></EventData></Event><Event><System><Provider Name="IIS AspNetCore Module V2"/><EventID>1033</EventID><Level>4</Level><Task>0</Task><Keywords>Keywords</Keywords><TimeCreated SystemTime="2025-11-23T14:32:42Z"/><EventRecordID>94892468</EventRecordID><Channel>Application</Channel><Computer>10-30-12-66</Computer><Security/></System><EventData><Data>Application 'MACHINE/WEBROOT/APPHOST/MAWSFNPLACEHOLDER176_F_V4_DOTNET-ISOLATED_8.0_X64' has shutdown.</Data><Data>Process Id: 7796.</Data><Data>File Version: 18.0.25301.22. Description: IIS ASP.NET Core Module V2 Request Handler. Commit: </Data></EventData></Event><Event><System><Provider Name="IIS AspNetCore Module V2"/><EventID>1033</EventID><Level>4</Level><Task>0</Task><Keywords>Keywords</Keywords><TimeCreated SystemTime="2025-11-23T14:37:37Z"/><EventRecordID>37479859</EventRecordID><Channel>Application</Channel><Computer>10-30-1-149</Computer><Security/></System><EventData><Data>Application 'MACHINE/WEBROOT/APPHOST/MAWSFNPLACEHOLDER59_F_V4_DOTNET-ISOLATED_8.0_X64' has shutdown.</Data><Data>Process Id: 5344.</Data><Data>File Version: 18.0.25301.22. Description: IIS ASP.NET Core Module V2 Request Handler. Commit: </Data></EventData></Event><Event><System><Provider Name="IIS AspNetCore Module V2"/><EventID>1032</EventID><Level>4</Level><Task>0</Task><Keywords>Keywords</Keywords><TimeCreated SystemTime="2025-11-23T14:38:23Z"/><EventRecordID>37526296</EventRecordID><Channel>Application</Channel><Computer>10-30-1-149</Computer><Security/></System><EventData><Data>Application 'C:\Program Files (x86)\SiteExtensions\Functions\4.1045.200\64bit\' started successfully.</Data><Data>Process Id: 64.</Data><Data>File Version: 18.0.25301.22. Description: IIS ASP.NET Core Module V2 Request Handler. Commit: </Data></EventData></Event><Event><System><Provider Name="IIS AspNetCore Module V2"/><EventID>1033</EventID><Level>4</Level><Task>0</Task><Keywords>Keywords</Keywords><TimeCreated SystemTime="2025-11-23T14:42:41Z"/><EventRecordID>37783812</EventRecordID><Channel>Application</Channel><Computer>10-30-1-149</Computer><Security/></System><EventData><Data>Application 'MACHINE/WEBROOT/APPHOST/MAWSFNPLACEHOLDER59_F_V4_DOTNET-ISOLATED_8.0_X64' has shutdown.</Data><Data>Process Id: 64.</Data><Data>File Version: 18.0.25301.22. Description: IIS ASP.NET Core Module V2 Request Handler. Commit: </Data></EventData></Event><Event><System><Provider Name="IIS AspNetCore Module V2"/><EventID>1032</EventID><Level>4</Level><Task>0</Task><Keywords>Keywords</Keywords><TimeCreated SystemTime="2025-11-23T14:42:46Z"/><EventRecordID>37789171</EventRecordID><Channel>Application</Channel><Computer>10-30-1-149</Computer><Security/></System><EventData><Data>Application 'C:\Program Files (x86)\SiteExtensions\Functions\4.1045.200\64bit\' started successfully.</Data><Data>Process Id: 4344.</Data><Data>File Version: 18.0.25301.22. Description: IIS ASP.NET Core Module V2 Request Handler. Commit: </Data></EventData></Event><Event><System><Provider Name="IIS AspNetCore Module V2"/><EventID>1033</EventID><Level>4</Level><Task>0</Task><Keywords>Keywords</Keywords><TimeCreated SystemTime="2025-11-23T14:51:27Z"/><EventRecordID>38309796</EventRecordID><Channel>Application</Channel><Computer>10-30-1-149</Computer><Security/></System><EventData><Data>Application 'MACHINE/WEBROOT/APPHOST/MAWSFNPLACEHOLDER59_F_V4_DOTNET-ISOLATED_8.0_X64' has shutdown.</Data><Data>Process Id: 4344.</Data><Data>File Version: 18.0.25301.22. Description: IIS ASP.NET Core Module V2 Request Handler. Commit: </Data></EventData></Event><Event><System><Provider Name="IIS AspNetCore Module V2"/><EventID>1033</EventID><Level>4</Level><Task>0</Task><Keywords>Keywords</Keywords><TimeCreated SystemTime="2025-11-23T14:52:07Z"/><EventRecordID>38350265</EventRecordID><Channel>Application</Channel><Computer>10-30-1-149</Computer><Security/></System><EventData><Data>Application 'MACHINE/WEBROOT/APPHOST/MAWSFNPLACEHOLDER61_F_V4_DOTNET-ISOLATED_8.0_X64' has shutdown.</Data><Data>Process Id: 7224.</Data><Data>File Version: 18.0.25301.22. Description: IIS ASP.NET Core Module V2 Request Handler. Commit: </Data></EventData></Event><Event><System><Provider Name="IIS AspNetCore Module V2"/><EventID>1033</EventID><Level>4</Level><Task>0</Task><Keywords>Keywords</Keywords><TimeCreated SystemTime="2025-11-23T14:55:53Z"/><EventRecordID>24178796</EventRecordID><Channel>Application</Channel><Computer>10-30-10-207</Computer><Security/></System><EventData><Data>Application 'MACHINE/WEBROOT/APPHOST/MAWSFNPLACEHOLDER50_F_V4_DOTNET-ISOLATED_8.0_X64' has shutdown.</Data><Data>Process Id: 8156.</Data><Data>File Version: 18.0.25301.22. Description: IIS ASP.NET Core Module V2 Request Handler. Commit: </Data></EventData></Event><Event><System><Provider Name="IIS AspNetCore Module V2"/><EventID>1032</EventID><Level>4</Level><Task>0</Task><Keywords>Keywords</Keywords><TimeCreated SystemTime="2025-11-23T14:56:01Z"/><EventRecordID>24186437</EventRecordID><Channel>Application</Channel><Computer>10-30-10-207</Computer><Security/></System><EventData><Data>Application 'C:\Program Files (x86)\SiteExtensions\Functions\4.1045.200\64bit\' started successfully.</Data><Data>Process Id: 7164.</Data><Data>File Version: 18.0.25301.22. Description: IIS ASP.NET Core Module V2 Request Handler. Commit: </Data></EventData></Event><Event><System><Provider Name="IIS AspNetCore Module V2"/><EventID>1033</EventID><Level>4</Level><Task>0</Task><Keywords>Keywords</Keywords><TimeCreated SystemTime="2025-11-23T14:56:18Z"/><EventRecordID>24203734</EventRecordID><Channel>Application</Channel><Computer>10-30-10-207</Computer><Security/></System><EventData><Data>Application 'MACHINE/WEBROOT/APPHOST/MAWSFNPLACEHOLDER50_F_V4_DOTNET-ISOLATED_8.0_X64' has shutdown.</Data><Data>Process Id: 7164.</Data><Data>File Version: 18.0.25301.22. Description: IIS ASP.NET Core Module V2 Request Handler. Commit: </Data></EventData></Event><Event><System><Provider Name="IIS AspNetCore Module V2"/><EventID>1032</EventID><Level>4</Level><Task>0</Task><Keywords>Keywords</Keywords><TimeCreated SystemTime="2025-11-23T14:56:24Z"/><EventRecordID>24209562</EventRecordID><Channel>Application</Channel><Computer>10-30-10-207</Computer><Security/></System><EventData><Data>Application 'C:\Program Files (x86)\SiteExtensions\Functions\4.1045.200\64bit\' started successfully.</Data><Data>Process Id: 6224.</Data><Data>File Version: 18.0.25301.22. Description: IIS ASP.NET Core Module V2 Request Handler. Commit: </Data></EventData></Event><Event><System><Provider Name="IIS AspNetCore Module V2"/><EventID>1033</EventID><Level>4</Level><Task>0</Task><Keywords>Keywords</Keywords><TimeCreated SystemTime="2025-11-23T14:57:42Z"/><EventRecordID>24287796</EventRecordID><Channel>Application</Channel><Computer>10-30-10-207</Computer><Security/></System><EventData><Data>Application 'MACHINE/WEBROOT/APPHOST/MAWSFNPLACEHOLDER50_F_V4_DOTNET-ISOLATED_8.0_X64' has shutdown.</Data><Data>Process Id: 6224.</Data><Data>File Version: 18.0.25301.22. Description: IIS ASP.NET Core Module V2 Request Handler. Commit: </Data></EventData></Event><Event><System><Provider Name="IIS AspNetCore Module V2"/><EventID>1032</EventID><Level>4</Level><Task>0</Task><Keywords>Keywords</Keywords><TimeCreated SystemTime="2025-11-23T14:57:52Z"/><EventRecordID>24297640</EventRecordID><Channel>Application</Channel><Computer>10-30-10-207</Computer><Security/></System><EventData><Data>Application 'C:\Program Files (x86)\SiteExtensions\Functions\4.1045.200\64bit\' started successfully.</Data><Data>Process Id: 6288.</Data><Data>File Version: 18.0.25301.22. Description: IIS ASP.NET Core Module V2 Request Handler. Commit: </Data></EventData></Event><Event><System><Provider Name="IIS AspNetCore Module V2"/><EventID>1033</EventID><Level>4</Level><Task>0</Task><Keywords>Keywords</Keywords><TimeCreated SystemTime="2025-11-23T15:07:38Z"/><EventRecordID>24883562</EventRecordID><Channel>Application</Channel><Computer>10-30-10-207</Computer><Security/></System><EventData><Data>Application 'MACHINE/WEBROOT/APPHOST/QUIZZ-BACKEND' has shutdown.</Data><Data>Process Id: 6288.</Data><Data>File Version: 18.0.25301.22. Description: IIS ASP.NET Core Module V2 Request Handler. Commit: </Data></EventData></Event><Event><System><Provider Name="IIS AspNetCore Module V2"/><EventID>1033</EventID><Level>4</Level><Task>0</Task><Keywords>Keywords</Keywords><TimeCreated SystemTime="2025-11-23T15:09:20Z"/><EventRecordID>24985015</EventRecordID><Channel>Application</Channel><Computer>10-30-10-207</Computer><Security/></System><EventData><Data>Application 'MACHINE/WEBROOT/APPHOST/MAWSFNPLACEHOLDER51_F_V4_DOTNET-ISOLATED_8.0_X64' has shutdown.</Data><Data>Process Id: 3560.</Data><Data>File Version: 18.0.25301.22. Description: IIS ASP.NET Core Module V2 Request Handler. Commit: </Data></EventData></Event><Event><System><Provider Name="IIS AspNetCore Module V2"/><EventID>1033</EventID><Level>4</Level><Task>0</Task><Keywords>Keywords</Keywords><TimeCreated SystemTime="2025-11-23T15:16:49Z"/><EventRecordID>54151265</EventRecordID><Channel>Application</Channel><Computer>10-30-10-123</Computer><Security/></System><EventData><Data>Application 'MACHINE/WEBROOT/APPHOST/MAWSFNPLACEHOLDER99_F_V4_DOTNET-ISOLATED_8.0_X64' has shutdown.</Data><Data>Process Id: 6236.</Data><Data>File Version: 18.0.25301.22. Description: IIS ASP.NET Core Module V2 Request Handler. Commit: </Data></EventData></Event><Event><System><Provider Name="IIS AspNetCore Module V2"/><EventID>1032</EventID><Level>4</Level><Task>0</Task><Keywords>Keywords</Keywords><TimeCreated SystemTime="2025-11-23T15:16:57Z"/><EventRecordID>54159296</EventRecordID><Channel>Application</Channel><Computer>10-30-10-123</Computer><Security/></System><EventData><Data>Application 'C:\Program Files (x86)\SiteExtensions\Functions\4.1045.200\64bit\' started successfully.</Data><Data>Process Id: 6104.</Data><Data>File Version: 18.0.25301.22. Description: IIS ASP.NET Core Module V2 Request Handler. Commit: </Data></EventData></Event><Event><System><Provider Name="IIS AspNetCore Module V2"/><EventID>1033</EventID><Level>4</Level><Task>0</Task><Keywords>Keywords</Keywords><TimeCreated SystemTime="2025-11-23T15:17:02Z"/><EventRecordID>54164578</EventRecordID><Channel>Application</Channel><Computer>10-30-10-123</Computer><Security/></System><EventData><Data>Application 'MACHINE/WEBROOT/APPHOST/MAWSFNPLACEHOLDER99_F_V4_DOTNET-ISOLATED_8.0_X64' has shutdown.</Data><Data>Process Id: 6104.</Data><Data>File Version: 18.0.25301.22. Description: IIS ASP.NET Core Module V2 Request Handler. Commit: </Data></EventData></Event><Event><System><Provider Name="IIS AspNetCore Module V2"/><EventID>1032</EventID><Level>4</Level><Task>0</Task><Keywords>Keywords</Keywords><TimeCreated SystemTime="2025-11-23T15:17:10Z"/><EventRecordID>54172015</EventRecordID><Channel>Application</Channel><Computer>10-30-10-123</Computer><Security/></System><EventData><Data>Application 'C:\Program Files (x86)\SiteExtensions\Functions\4.1045.200\64bit\' started successfully.</Data><Data>Process Id: 7352.</Data><Data>File Version: 18.0.25301.22. Description: IIS ASP.NET Core Module V2 Request Handler. Commit: </Data></EventData></Event><Event><System><Provider Name="IIS AspNetCore Module V2"/><EventID>1033</EventID><Level>4</Level><Task>0</Task><Keywords>Keywords</Keywords><TimeCreated SystemTime="2025-11-23T15:18:20Z"/><EventRecordID>54242281</EventRecordID><Channel>Application</Channel><Computer>10-30-10-123</Computer><Security/></System><EventData><Data>Application 'MACHINE/WEBROOT/APPHOST/MAWSFNPLACEHOLDER99_F_V4_DOTNET-ISOLATED_8.0_X64' has shutdown.</Data><Data>Process Id: 7352.</Data><Data>File Version: 18.0.25301.22. Description: IIS ASP.NET Core Module V2 Request Handler. Commit: </Data></EventData></Event><Event><System><Provider Name="IIS AspNetCore Module V2"/><EventID>1032</EventID><Level>4</Level><Task>0</Task><Keywords>Keywords</Keywords><TimeCreated SystemTime="2025-11-23T15:18:28Z"/><EventRecordID>54250406</EventRecordID><Channel>Application</Channel><Computer>10-30-10-123</Computer><Security/></System><EventData><Data>Application 'C:\Program Files (x86)\SiteExtensions\Functions\4.1045.200\64bit\' started successfully.</Data><Data>Process Id: 7788.</Data><Data>File Version: 18.0.25301.22. Description: IIS ASP.NET Core Module V2 Request Handler. Commit: </Data></EventData></Event><Event><System><Provider Name="IIS AspNetCore Module V2"/><EventID>1033</EventID><Level>4</Level><Task>0</Task><Keywords>Keywords</Keywords><TimeCreated SystemTime="2025-11-23T15:22:23Z"/><EventRecordID>54484906</EventRecordID><Channel>Application</Channel><Computer>10-30-10-123</Computer><Security/></System><EventData><Data>Application 'MACHINE/WEBROOT/APPHOST/MAWSFNPLACEHOLDER99_F_V4_DOTNET-ISOLATED_8.0_X64' has shutdown.</Data><Data>Process Id: 7788.</Data><Data>File Version: 18.0.25301.22. Description: IIS ASP.NET Core Module V2 Request Handler. Commit: </Data></EventData></Event><Event><System><Provider Name="IIS AspNetCore Module V2"/><EventID>1032</EventID><Level>4</Level><Task>0</Task><Keywords>Keywords</Keywords><TimeCreated SystemTime="2025-11-23T15:23:05Z"/><EventRecordID>54527343</EventRecordID><Channel>Application</Channel><Computer>10-30-10-123</Computer><Security/></System><EventData><Data>Application 'C:\Program Files (x86)\SiteExtensions\Functions\4.1045.200\64bit\' started successfully.</Data><Data>Process Id: 7824.</Data><Data>File Version: 18.0.25301.22. Description: IIS ASP.NET Core Module V2 Request Handler. Commit: </Data></EventData></Event></Events>