{"TimeStamp":"2025-11-23T15:22:31Z","SiteName":"Quizz-Backend","RequestId":"087af07b-c880-11f0-8a39-7c1e52c24321","Kind":"az_cli_functions","Status":"Success","Details":"{\"Id\":\"8e452961cae84214927ccdc6e1097430\",\"Status\":4,\"StatusText\":\"\",\"AuthorEmail\":\"N/A\",\"Author\":\"N/A\",\"Message\":\"Created via a push deployment\",\"Progress\":\"\",\"Deployer\":\"az_cli_functions\",\"ReceivedTime\":\"2025-11-23T15:22:20.3081012Z\",\"StartTime\":\"2025-11-23T15:22:20.8393428Z\",\"EndTime\":\"2025-11-23T15:22:31.3054922Z\",\"LastSuccessEndTime\":\"2025-11-23T15:22:31.3054922Z\",\"Complete\":true,\"IsTemporary\":false,\"IsReadOnly\":true,\"SiteName\":\"Quizz-Backend\",\"HostName\":\"quizz-backend-gwaabvhae4fpbfck.scm.westus3-01.azurewebsites.net\",\"ProjectType\":\"BASIC\",\"VsProjectId\":null}"}