﻿<?xml version="1.0" encoding="utf-8"?>
<deployment>
  <id>d9ae7f07e43a40058ff3c21a216e791b</id>
  <author>N/A</author>
  <deployer>GITHUB_ZIP_DEPLOY_FUNCTIONS_V1</deployer>
  <authorEmail>N/A</authorEmail>
  <message>{"type":"deployment","sha":"a71380921a2faf010b0dd024a24ac6c4e25bb05b","repoName":"MCL-Bharadwaj/Quizz-MCL","actor":"MCL-Bharadwaj","slotName":"production"}</message>
  <progress></progress>
  <status>Success</status>
  <statusText></statusText>
  <lastSuccessEndTime>2025-11-23T14:13:16.7698965Z</lastSuccessEndTime>
  <receivedTime>2025-11-23T14:13:14.9573848Z</receivedTime>
  <startTime>2025-11-23T14:13:15.7073851Z</startTime>
  <endTime>2025-11-23T14:13:16.7698965Z</endTime>
  <complete>True</complete>
  <is_temp>False</is_temp>
  <is_readonly>True</is_readonly>
  <project_type>Run-From-Zip</project_type>
  <vsproject_id></vsproject_id>
</deployment>