﻿<?xml version="1.0" encoding="utf-8"?>
<deployment>
  <id>a2ced16ee91148a8b80212b7b255d42a</id>
  <author>N/A</author>
  <deployer>GITHUB_ZIP_DEPLOY_FUNCTIONS_V1</deployer>
  <authorEmail>N/A</authorEmail>
  <message>{"type":"deployment","sha":"99ab8798949b808888378d4cee00511c8eee38e1","repoName":"MCL-Bharadwaj/Quizz-MCL","actor":"MCL-Bharadwaj","slotName":"production"}</message>
  <progress></progress>
  <status>Success</status>
  <statusText></statusText>
  <lastSuccessEndTime>2025-11-23T14:26:44.9530207Z</lastSuccessEndTime>
  <receivedTime>2025-11-23T14:26:43.4008194Z</receivedTime>
  <startTime>2025-11-23T14:26:43.9059672Z</startTime>
  <endTime>2025-11-23T14:26:44.9530207Z</endTime>
  <complete>True</complete>
  <is_temp>False</is_temp>
  <is_readonly>True</is_readonly>
  <project_type>Run-From-Zip</project_type>
  <vsproject_id></vsproject_id>
</deployment>