﻿<?xml version="1.0" encoding="utf-8"?>
<deployment>
  <id>e3f1a396c4fa4859a545d9874b380aa3</id>
  <author>N/A</author>
  <deployer>GITHUB_ZIP_DEPLOY_FUNCTIONS_V1</deployer>
  <authorEmail>N/A</authorEmail>
  <message>{"type":"deployment","sha":"ec431a4300ef9300c53fa8f4b354615f306ed445","repoName":"MCL-Bharadwaj/Quizz-MCL","actor":"MCL-Bharadwaj","slotName":"production"}</message>
  <progress></progress>
  <status>Success</status>
  <statusText></statusText>
  <lastSuccessEndTime>2025-11-23T14:56:13.1240433Z</lastSuccessEndTime>
  <receivedTime>2025-11-23T14:56:10.4957671Z</receivedTime>
  <startTime>2025-11-23T14:56:11.1207728Z</startTime>
  <endTime>2025-11-23T14:56:13.1240433Z</endTime>
  <complete>True</complete>
  <is_temp>False</is_temp>
  <is_readonly>True</is_readonly>
  <project_type>Run-From-Zip</project_type>
  <vsproject_id></vsproject_id>
</deployment>