﻿<?xml version="1.0" encoding="utf-8"?>
<deployment>
  <id>8795fb2a8e57497fa1466da2cb6aac00</id>
  <author>N/A</author>
  <deployer>GITHUB_ZIP_DEPLOY_FUNCTIONS_V1</deployer>
  <authorEmail>N/A</authorEmail>
  <message>{"type":"deployment","sha":"3b377cc5f14e5ed6b53d74d1ed6f1127b862e288","repoName":"MCL-Bharadwaj/Quizz-MCL","actor":"MCL-Bharadwaj","slotName":"production"}</message>
  <progress></progress>
  <status>Success</status>
  <statusText></statusText>
  <lastSuccessEndTime>2025-11-23T15:16:56.9940043Z</lastSuccessEndTime>
  <receivedTime>2025-11-23T15:16:54.9463654Z</receivedTime>
  <startTime>2025-11-23T15:16:55.556509Z</startTime>
  <endTime>2025-11-23T15:16:56.9940043Z</endTime>
  <complete>True</complete>
  <is_temp>False</is_temp>
  <is_readonly>True</is_readonly>
  <project_type>Run-From-Zip</project_type>
  <vsproject_id></vsproject_id>
</deployment>