﻿<?xml version="1.0" encoding="utf-8"?>
<deployment>
  <id>6c72de83bbef4c61ba6699298cc9a799</id>
  <author>N/A</author>
  <deployer>GITHUB_ZIP_DEPLOY_FUNCTIONS_V1</deployer>
  <authorEmail>N/A</authorEmail>
  <message>{"type":"deployment","sha":"f78686d33512392f1881c5648d18a21aee9490b2","repoName":"MCL-Bharadwaj/Quizz-MCL","actor":"MCL-Bharadwaj","slotName":"production"}</message>
  <progress></progress>
  <status>Success</status>
  <statusText></statusText>
  <lastSuccessEndTime>2025-11-23T14:42:35.5852728Z</lastSuccessEndTime>
  <receivedTime>2025-11-23T14:42:33.6477506Z</receivedTime>
  <startTime>2025-11-23T14:42:34.2727542Z</startTime>
  <endTime>2025-11-23T14:42:35.5852728Z</endTime>
  <complete>True</complete>
  <is_temp>False</is_temp>
  <is_readonly>True</is_readonly>
  <project_type>Run-From-Zip</project_type>
  <vsproject_id></vsproject_id>
</deployment>