﻿<?xml version="1.0" encoding="utf-8"?>
<deployment>
  <id>8e452961cae84214927ccdc6e1097430</id>
  <author>N/A</author>
  <deployer>az_cli_functions</deployer>
  <authorEmail>N/A</authorEmail>
  <message>Created via a push deployment</message>
  <progress></progress>
  <status>Success</status>
  <statusText></statusText>
  <lastSuccessEndTime>2025-11-23T15:22:31.3054922Z</lastSuccessEndTime>
  <receivedTime>2025-11-23T15:22:20.3081012Z</receivedTime>
  <startTime>2025-11-23T15:22:20.8393428Z</startTime>
  <endTime>2025-11-23T15:22:31.3054922Z</endTime>
  <complete>True</complete>
  <is_temp>False</is_temp>
  <is_readonly>True</is_readonly>
  <project_type>BASIC</project_type>
  <vsproject_id></vsproject_id>
</deployment>